criterion,variant,dataset,column,threshold,n_edges,n_groups,n_dropped,final_size,edges_shared_with_P,n_ambiguous,anadidas_vs_51,quitadas_vs_51
P,B20,EDA,pearson_abs,0.95,51,12,23,51,,0,,
P_sin_apriori,B20,EDA,pearson_abs,0.95,52,12,22,52,51.0,0,Packet Length Variance,
L,B20,EDA,r_info,0.95,113,5,26,48,24.0,0,ACK Flag Count; Bwd IAT Min; Bwd PSH Flags; Bwd Packet Length Std; Bwd Packet/Bulk Avg; Fwd IAT Min; Fwd URG Flags; Idle Max; Idle Mean; Subflow Fwd Bytes,Bwd IAT Mean; Bwd Packets/s; Flow Bytes/s; Flow Duration; Flow IAT Max; Flow IAT Mean; Flow IAT Std; Fwd IAT Mean; Fwd Packet Length Mean; Fwd Packet Length Min; Packet Length Mean; Packet Length Min; Total Length of Fwd Packet
L_cal,B20,EDA,r_info,0.9413966274520271,128,5,27,47,28.0,0,Bwd IAT Min; Bwd PSH Flags; Bwd Packet Length Std; Bwd Packet/Bulk Avg; Fwd IAT Min; Fwd URG Flags; Idle Max; Idle Mean; Subflow Fwd Bytes,Bwd IAT Mean; Bwd Packets/s; Flow Bytes/s; Flow Duration; Flow IAT Max; Flow IAT Mean; Flow IAT Std; Fwd IAT Mean; Fwd Packet Length Mean; Fwd Packet Length Min; Packet Length Mean; Packet Length Min; Total Length of Fwd Packet
S,B20,EDA,nmi_max,0.36277530974817007,271,15,51,23,37.0,0,Bwd IAT Min,Active Max; Active Mean; Active Min; Active Std; Bwd Bulk Rate Avg; Bwd IAT Mean; Bwd IAT Std; Bwd Init Win Bytes; Bwd Packet Length Min; Bwd Packets/s; ECE Flag Count; FIN Flag Count; FWD Init Win Bytes; Flow Bytes/s; Flow Duration; Flow IAT Max; Flow IAT Mean; Flow IAT Std; Fwd Bulk Rate Avg; Fwd Bytes/Bulk Avg; Fwd IAT Mean; Fwd PSH Flags; Fwd Packet Length Mean; Fwd Packet Length Min; Fwd Packet Length Std; Fwd Seg Size Min; Protocol; Total Fwd Packet; Total Length of Fwd Packet
G,B20,EDA,gauss_ratio,1.0,500,12,50,24,48.0,1,Bwd IAT Min; Fwd IAT Min,Active Mean; Active Min; Active Std; Bwd Bulk Rate Avg; Bwd IAT Mean; Bwd IAT Std; Bwd Packet Length Min; Bwd Packets/s; Down/Up Ratio; ECE Flag Count; FWD Init Win Bytes; Flow Bytes/s; Flow Duration; Flow IAT Mean; Flow IAT Std; Fwd Bulk Rate Avg; Fwd Bytes/Bulk Avg; Fwd IAT Mean; Fwd IAT Std; Fwd PSH Flags; Fwd Packet Length Min; Fwd Seg Size Min; Idle Min; Packet Length Mean; Packet Length Min; Protocol; SYN Flag Count; Total Fwd Packet; Total Length of Fwd Packet
A_0.5,B20,EDA,nmi_sqrt,0.29035329079958894,746,10,53,21,50.0,1,Bwd IAT Min; Fwd IAT Min,Active Mean; Active Min; Active Std; Bwd Bulk Rate Avg; Bwd IAT Max; Bwd IAT Std; Bwd Init Win Bytes; Bwd Packet Length Min; Bwd Packets/s; ECE Flag Count; FWD Init Win Bytes; Flow Duration; Flow IAT Mean; Flow IAT Std; Flow Packets/s; Fwd Bulk Rate Avg; Fwd Bytes/Bulk Avg; Fwd IAT Mean; Fwd IAT Std; Fwd PSH Flags; Fwd Packet Length Max; Fwd Packet Length Min; Fwd Packet Length Std; Fwd Seg Size Min; Idle Min; Idle Std; PSH Flag Count; Packet Length Min; Protocol; SYN Flag Count; Total Fwd Packet; Total Length of Fwd Packet
A_1,B20,EDA,nmi_sqrt,0.37682639611202484,396,17,45,29,48.0,1,Bwd IAT Min; Bwd Packet Length Std,Active Max; Active Mean; Active Min; Active Std; Bwd Bulk Rate Avg; Bwd IAT Mean; Bwd Packet Length Min; Bwd Packets/s; ECE Flag Count; FWD Init Win Bytes; Flow Bytes/s; Flow Duration; Flow IAT Max; Flow IAT Mean; Flow IAT Std; Fwd Bulk Rate Avg; Fwd Bytes/Bulk Avg; Fwd IAT Mean; Fwd Packet Length Max; PSH Flag Count; Packet Length Mean; Packet Length Min; Protocol; Total Fwd Packet
A_1.5,B20,EDA,nmi_sqrt,0.4632995014244607,206,13,43,31,37.0,2,Bwd IAT Min; Fwd IAT Min; Subflow Fwd Bytes; Total Bwd packets,Active Max; Active Mean; Active Min; Active Std; Bwd Bulk Rate Avg; Bwd IAT Mean; Bwd Packets/s; ECE Flag Count; FIN Flag Count; FWD Init Win Bytes; Flow Duration; Flow IAT Max; Flow IAT Mean; Fwd Bulk Rate Avg; Fwd Bytes/Bulk Avg; Fwd IAT Mean; Fwd PSH Flags; Fwd Packet Length Mean; Fwd Packet Length Min; Fwd Packet Length Std; Packet Length Min; Protocol; SYN Flag Count; Total Length of Fwd Packet
A_2,B20,EDA,nmi_sqrt,0.5497726067368965,112,17,35,39,28.0,1,Bwd IAT Min; Bwd Packet Length Std; Fwd IAT Min; Fwd IAT Total,Active Max; Active Mean; Active Min; Active Std; Bwd Bulk Rate Avg; Bwd IAT Mean; Bwd IAT Std; ECE Flag Count; FWD Init Win Bytes; Fwd Bulk Rate Avg; Fwd Bytes/Bulk Avg; Fwd PSH Flags; Fwd Packet Length Max; Packet Length Min; Protocol; SYN Flag Count
L,B10,EDA,r_info_B10,0.95,66,9,20,54,15.0,0,ACK Flag Count; Bwd Header Length; Bwd IAT Min; Bwd PSH Flags; Bwd Packet Length Std; Bwd Packet/Bulk Avg; Fwd IAT Min; Fwd URG Flags; Idle Max; Idle Mean; Total Length of Bwd Packet,Bwd IAT Mean; Bwd Packets/s; Flow Duration; Flow IAT Max; Flow IAT Mean; Flow IAT Std; Fwd Packet Length Max; Packet Length Min
L_cal,B10,EDA,r_info_B10,0.9286147340631774,108,6,24,50,24.0,0,ACK Flag Count; Bwd IAT Min; Bwd PSH Flags; Bwd Packet Length Std; Bwd Packet/Bulk Avg; Fwd IAT Min; Fwd URG Flags; Idle Max; Idle Mean,Bwd IAT Mean; Bwd Packets/s; Flow Duration; Flow IAT Max; Flow IAT Mean; Fwd IAT Mean; Fwd Packet Length Mean; Packet Length Mean; Packet Length Min; Total Length of Fwd Packet
S,B10,EDA,nmi_max_B10,0.4305729689550942,205,14,45,29,32.0,1,ACK Flag Count; Bwd Header Length; Fwd IAT Min,Active Max; Active Mean; Active Min; Active Std; Bwd Bulk Rate Avg; Bwd IAT Max; Bwd IAT Std; Bwd Packet Length Min; Bwd Packets/s; ECE Flag Count; FWD Init Win Bytes; Flow Duration; Flow IAT Max; Flow IAT Mean; Flow IAT Std; Fwd Bulk Rate Avg; Fwd Bytes/Bulk Avg; Fwd PSH Flags; Fwd Packet Length Mean; Fwd Packet Length Min; Fwd Seg Size Min; Packet Length Mean; Protocol; Total Fwd Packet; Total Length of Fwd Packet
G,B10,EDA,gauss_ratio_B10,1.0,435,16,50,24,45.0,1,Bwd IAT Min,Active Max; Active Mean; Active Min; Active Std; Bwd Bulk Rate Avg; Bwd IAT Mean; Bwd IAT Std; Bwd URG Flags; Down/Up Ratio; ECE Flag Count; FIN Flag Count; Flow Duration; Flow IAT Mean; Flow IAT Std; Flow Packets/s; Fwd Bulk Rate Avg; Fwd Bytes/Bulk Avg; Fwd PSH Flags; Fwd Packet Length Mean; Fwd Packet Length Min; Fwd Seg Size Min; Idle Min; Idle Std; Protocol; SYN Flag Count; Total Fwd Packet; Total Length of Fwd Packet; URG Flag Count
A_0.5,B10,EDA,nmi_sqrt_B10,0.30093435664042256,762,10,54,20,50.0,1,Bwd IAT Min; Fwd IAT Min,Active Max; Active Mean; Active Min; Active Std; Bwd Bulk Rate Avg; Bwd IAT Mean; Bwd IAT Std; Bwd Init Win Bytes; Bwd Packet Length Min; ECE Flag Count; FIN Flag Count; Flow Bytes/s; Flow Duration; Flow IAT Mean; Flow IAT Std; Flow Packets/s; Fwd Bulk Rate Avg; Fwd Bytes/Bulk Avg; Fwd IAT Mean; Fwd IAT Std; Fwd PSH Flags; Fwd Packet Length Mean; Fwd Packet Length Min; Fwd Packet Length Std; Fwd Seg Size Min; Idle Min; PSH Flag Count; Packet Length Mean; Packet Length Min; Protocol; SYN Flag Count; Total Fwd Packet; Total Length of Fwd Packet
A_1,B10,EDA,nmi_sqrt_B10,0.39221713373983913,402,13,52,22,45.0,1,Bwd IAT Min; Total Bwd packets,Active Max; Active Mean; Active Min; Active Std; Bwd Bulk Rate Avg; Bwd IAT Mean; Bwd IAT Std; Bwd Init Win Bytes; Bwd Packet Length Min; Bwd Packets/s; ECE Flag Count; FIN Flag Count; Flow Bytes/s; Flow Duration; Flow IAT Max; Flow IAT Mean; Flow IAT Std; Fwd Bulk Rate Avg; Fwd Bytes/Bulk Avg; Fwd IAT Mean; Fwd IAT Std; Fwd PSH Flags; Fwd Packet Length Min; Fwd Packet Length Std; Fwd Seg Size Min; Packet Length Mean; Packet Length Min; Protocol; SYN Flag Count; Total Fwd Packet; Total Length of Fwd Packet
A_1.5,B10,EDA,nmi_sqrt_B10,0.48349991083925575,205,15,42,32,34.0,1,Bwd IAT Min; Bwd Packet Length Std; Fwd IAT Min,Active Max; Active Mean; Active Min; Active Std; Bwd Bulk Rate Avg; Bwd IAT Mean; Bwd Init Win Bytes; Bwd Packets/s; ECE Flag Count; FIN Flag Count; Flow Duration; Flow IAT Max; Flow IAT Mean; Fwd Bulk Rate Avg; Fwd Bytes/Bulk Avg; Fwd IAT Mean; Fwd PSH Flags; Fwd Packet Length Max; Packet Length Mean; Packet Length Min; Protocol; SYN Flag Count
A_2,B10,EDA,nmi_sqrt_B10,0.5747826879386724,100,19,33,41,27.0,1,Bwd IAT Min; Bwd Packet Length Max; Bwd Packet Length Std; Fwd IAT Min; Fwd IAT Total; Total Length of Bwd Packet,Active Max; Active Mean; Active Min; Active Std; Bwd Bulk Rate Avg; Bwd IAT Mean; Bwd IAT Std; ECE Flag Count; FWD Init Win Bytes; Fwd Bulk Rate Avg; Fwd Bytes/Bulk Avg; Fwd PSH Flags; Fwd Packet Length Max; Packet Length Min; Protocol; SYN Flag Count
L,B50,EDA,r_info_B50,0.95,173,9,23,51,30.0,0,Bwd IAT Min; Bwd PSH Flags; Bwd Packet Length Mean; Bwd Packet Length Std; Bwd Packet/Bulk Avg; Fwd IAT Min; Fwd IAT Total; Fwd URG Flags; Idle Max; Idle Mean,Bwd IAT Mean; Bwd Packets/s; Flow Bytes/s; Flow Duration; Flow IAT Std; Fwd IAT Mean; Fwd Packet Length Mean; Fwd Packet Length Min; Packet Length Min; Total Length of Fwd Packet
L_cal,B50,EDA,r_info_B50,0.9472012810555928,185,6,29,45,31.0,0,Bwd PSH Flags; Bwd Packet Length Std; Bwd Packet/Bulk Avg; Fwd IAT Min; Fwd URG Flags; Idle Max; Idle Mean,Bwd IAT Mean; Bwd IAT Std; Bwd Packets/s; Flow Duration; Flow IAT Max; Flow IAT Mean; Flow IAT Std; Fwd IAT Mean; Fwd Packet Length Mean; Fwd Packet Length Min; Packet Length Mean; Packet Length Min; Total Length of Fwd Packet
S,B50,EDA,nmi_max_B50,0.2907543292456688,374,13,47,27,41.0,2,Bwd IAT Min; Fwd Header Length; Fwd IAT Min,Active Max; Active Mean; Active Min; Active Std; Bwd Bulk Rate Avg; Bwd IAT Mean; Bwd Init Win Bytes; Bwd Packet Length Min; Bwd Packets/s; ECE Flag Count; FWD Init Win Bytes; Flow Duration; Flow IAT Max; Flow IAT Mean; Flow IAT Std; Fwd Bulk Rate Avg; Fwd Bytes/Bulk Avg; Fwd IAT Mean; Fwd IAT Std; Fwd PSH Flags; Fwd Packet Length Max; Fwd Packet Length Min; Fwd Packet Length Std; Fwd Seg Size Min; Packet Length Mean; Protocol; Total Length of Fwd Packet
G,B50,EDA,gauss_ratio_B50,1.0,612,15,47,27,49.0,2,Bwd IAT Min; Fwd URG Flags,Active Max; Active Std; Bwd Bulk Rate Avg; Bwd IAT Max; Bwd IAT Std; Bwd Init Win Bytes; Bwd Packet Length Min; Down/Up Ratio; ECE Flag Count; FIN Flag Count; Flow Duration; Flow IAT Std; Flow Packets/s; Fwd Bulk Rate Avg; Fwd Bytes/Bulk Avg; Fwd IAT Mean; Fwd IAT Std; Fwd PSH Flags; Fwd Packet Length Max; Fwd Packet Length Min; Fwd Packet Length Std; Idle Min; PSH Flag Count; Protocol; SYN Flag Count; Total Length of Fwd Packet
A_0.5,B50,EDA,nmi_sqrt_B50,0.28031432065547746,725,12,51,23,50.0,1,Bwd IAT Min; Fwd IAT Min,Active Max; Active Min; Active Std; Bwd Bulk Rate Avg; Bwd IAT Mean; Bwd IAT Std; Bwd Init Win Bytes; Bwd Packets/s; ECE Flag Count; FIN Flag Count; Flow Duration; Flow IAT Max; Flow IAT Mean; Flow IAT Std; Fwd Bulk Rate Avg; Fwd Bytes/Bulk Avg; Fwd IAT Mean; Fwd IAT Std; Fwd PSH Flags; Fwd Packet Length Max; Fwd Packet Length Min; Fwd Packet Length Std; Fwd Seg Size Min; PSH Flag Count; Packet Length Mean; Packet Length Min; Protocol; SYN Flag Count; Total Fwd Packet; Total Length of Fwd Packet
A_1,B50,EDA,nmi_sqrt_B50,0.3625271994934087,379,13,51,23,47.0,0,Bwd IAT Min,Active Max; Active Mean; Active Min; Active Std; Bwd Bulk Rate Avg; Bwd IAT Mean; Bwd IAT Std; Bwd Init Win Bytes; Bwd Packet Length Min; Bwd Packets/s; ECE Flag Count; FWD Init Win Bytes; Flow Bytes/s; Flow Duration; Flow IAT Max; Flow IAT Mean; Flow IAT Std; Fwd Bulk Rate Avg; Fwd Bytes/Bulk Avg; Fwd IAT Mean; Fwd PSH Flags; Fwd Packet Length Min; Fwd Seg Size Min; Packet Length Mean; Packet Length Min; Protocol; SYN Flag Count; Total Fwd Packet; Total Length of Fwd Packet
A_1.5,B50,EDA,nmi_sqrt_B50,0.44474007833134,203,17,48,26,38.0,0,Bwd IAT Total,Active Max; Active Mean; Active Min; Active Std; Bwd Bulk Rate Avg; Bwd IAT Mean; Bwd IAT Std; Bwd Packets/s; ECE Flag Count; FIN Flag Count; FWD Init Win Bytes; Flow Duration; Flow IAT Max; Flow IAT Mean; Flow IAT Std; Fwd Bulk Rate Avg; Fwd Bytes/Bulk Avg; Fwd PSH Flags; Fwd Packet Length Mean; Fwd Packet Length Min; PSH Flag Count; Packet Length Mean; Packet Length Min; Protocol; SYN Flag Count; Total Length of Fwd Packet
A_2,B50,EDA,nmi_sqrt_B50,0.5269529571692713,113,16,37,37,29.0,2,Bwd IAT Min; Bwd IAT Total; Bwd Packet Length Std; Fwd IAT Min; Fwd IAT Total,Active Max; Active Min; Active Std; Bwd Bulk Rate Avg; Bwd IAT Mean; Bwd Packets/s; ECE Flag Count; FWD Init Win Bytes; Flow IAT Max; Flow IAT Mean; Fwd Bulk Rate Avg; Fwd Bytes/Bulk Avg; Fwd PSH Flags; Fwd Packet Length Mean; Fwd Packet Length Min; Packet Length Min; Protocol; SYN Flag Count; Total Length of Fwd Packet
L,qcut20,EDA,r_info_qcut20,0.95,90,7,24,50,21.0,0,ACK Flag Count; Bwd IAT Min; Bwd PSH Flags; Bwd Packet Length Std; Bwd Packet/Bulk Avg; Fwd IAT Min; Fwd URG Flags; Idle Max; Idle Mean,Bwd IAT Mean; Bwd Packets/s; Flow Duration; Flow IAT Max; Flow IAT Mean; Flow IAT Std; Fwd Packet Length Mean; Packet Length Mean; Packet Length Min; Total Length of Fwd Packet
L_cal,qcut20,EDA,r_info_qcut20,0.9413966274520271,102,6,21,53,22.0,1,ACK Flag Count; Bwd IAT Min; Bwd IAT Total; Bwd PSH Flags; Bwd Packet Length Std; Bwd Packet/Bulk Avg; Fwd IAT Max; Fwd IAT Min; Fwd URG Flags; Idle Max; Idle Mean,Bwd IAT Max; Bwd Packets/s; Flow Duration; Flow IAT Max; Flow IAT Mean; Fwd Packet Length Mean; Packet Length Mean; Packet Length Min; Total Length of Fwd Packet
S,qcut20,EDA,nmi_max_qcut20,0.36277530974817007,190,11,40,34,36.0,2,ACK Flag Count; Bwd Header Length; Bwd IAT Min; Bwd Packet Length Std; Bwd Packet/Bulk Avg; Fwd IAT Min; Subflow Fwd Bytes; Total Bwd packets,Active Max; Active Mean; Active Min; Active Std; Bwd IAT Mean; Bwd IAT Std; Bwd Packets/s; ECE Flag Count; FWD Init Win Bytes; Flow Bytes/s; Flow Duration; Flow IAT Max; Flow IAT Mean; Flow IAT Std; Fwd Act Data Pkts; Fwd IAT Mean; Fwd PSH Flags; Fwd Packet Length Mean; Fwd Packet Length Min; Packet Length Mean; Packet Length Min; Protocol; SYN Flag Count; Total Fwd Packet; Total Length of Fwd Packet
G,qcut20,EDA,gauss_ratio_qcut20,1.0,321,14,40,34,44.0,1,Bwd IAT Min; Bwd PSH Flags; Bwd Packet/Bulk Avg; Fwd IAT Min,Active Max; Active Min; Active Std; Bwd Bytes/Bulk Avg; Bwd IAT Max; Bwd Packets/s; ECE Flag Count; FWD Init Win Bytes; Flow Duration; Flow IAT Mean; Flow IAT Std; Fwd IAT Mean; Fwd IAT Std; Fwd PSH Flags; Fwd Packet Length Mean; Fwd Packet Length Min; Packet Length Mean; Packet Length Min; Protocol; SYN Flag Count; Total Length of Fwd Packet
A_0.5,qcut20,EDA,nmi_sqrt_qcut20,0.265829298569749,640,10,45,29,50.0,2,Bwd IAT Min; Bwd Packet/Bulk Avg; Fwd Header Length; Fwd IAT Min,Active Max; Active Min; Bwd IAT Max; Bwd IAT Mean; Bwd IAT Std; Bwd Init Win Bytes; Bwd Packet Length Min; Bwd Packets/s; ECE Flag Count; FWD Init Win Bytes; Flow Duration; Flow IAT Max; Flow IAT Mean; Flow IAT Std; Fwd IAT Mean; Fwd IAT Std; Fwd PSH Flags; Fwd Packet Length Max; Fwd Packet Length Min; Fwd Seg Size Min; Idle Std; Packet Length Min; Protocol; SYN Flag Count; Total Fwd Packet; Total Length of Fwd Packet
A_1,qcut20,EDA,nmi_sqrt_qcut20,0.3445441229722801,341,15,41,33,48.0,1,ACK Flag Count; Bwd IAT Min; Bwd Packet/Bulk Avg,Active Max; Active Mean; Active Min; Active Std; Bwd IAT Mean; Bwd IAT Std; Bwd Packets/s; ECE Flag Count; Flow Duration; Flow IAT Max; Flow IAT Mean; Flow IAT Std; Fwd IAT Mean; Fwd PSH Flags; Fwd Seg Size Min; Packet Length Mean; Packet Length Min; Protocol; SYN Flag Count; Total Fwd Packet; Total Length of Fwd Packet
A_1.5,qcut20,EDA,nmi_sqrt_qcut20,0.4232589473748112,195,11,36,38,39.0,2,Bwd IAT Min; Bwd PSH Flags; Bwd Packet Length Std; Bwd Packet/Bulk Avg; Fwd IAT Min; Total Bwd packets,Active Max; Active Mean; Active Min; Active Std; Bwd IAT Mean; Bwd Packets/s; ECE Flag Count; FWD Init Win Bytes; Flow Duration; Flow IAT Max; Flow IAT Mean; Fwd IAT Mean; Fwd PSH Flags; Fwd Packet Length Mean; Fwd Packet Length Min; Packet Length Min; Protocol; SYN Flag Count; Total Length of Fwd Packet
A_2,qcut20,EDA,nmi_sqrt_qcut20,0.5019737717773423,124,14,30,44,34.0,1,Bwd IAT Min; Bwd IAT Total; Bwd PSH Flags; Bwd Packet Length Std; Bwd Packet/Bulk Avg; Fwd IAT Min; Fwd IAT Total; Subflow Fwd Bytes; Total Length of Bwd Packet,Active Max; Active Min; Active Std; Bwd Bytes/Bulk Avg; Bwd Packets/s; ECE Flag Count; FWD Init Win Bytes; Flow IAT Max; Flow IAT Mean; Fwd IAT Std; Fwd PSH Flags; Fwd Packet Length Max; Packet Length Mean; Packet Length Min; Protocol; SYN Flag Count
G_consenso,B10&B20&B50,EDA,gauss_ratio_min_B,1.0,408,14,41,33,45.0,3,Bwd IAT Min; Bwd Packet Length Std; Fwd IAT Min; Fwd URG Flags,Active Min; Active Std; Bwd Bulk Rate Avg; Bwd IAT Mean; Bwd IAT Std; Bwd Packets/s; ECE Flag Count; Flow Bytes/s; Flow Duration; Flow IAT Max; Flow IAT Mean; Fwd Bulk Rate Avg; Fwd Bytes/Bulk Avg; Fwd PSH Flags; Fwd Packet Length Max; Fwd Packet Length Min; Fwd Seg Size Min; Idle Min; Protocol; SYN Flag Count; Total Fwd Packet; Total Length of Fwd Packet
R,B20,EDA,spearman_abs,0.95,58,13,26,48,15.0,0,ACK Flag Count; Bwd Header Length; Bwd IAT Min; Bwd Packet Length Mean; Bwd Packet Length Std; Fwd Header Length; Fwd IAT Min; Total Bwd packets; Total Length of Bwd Packet,Active Max; Active Mean; Active Min; Active Std; Bwd Bulk Rate Avg; Bwd IAT Mean; Flow IAT Max; Fwd Bulk Rate Avg; Fwd Bytes/Bulk Avg; Fwd PSH Flags; Packet Length Mean; Packet Length Min
Robusto,7 medidas IM,EDA,robusto_min,1.0,66,9,20,54,15.0,0,ACK Flag Count; Bwd Header Length; Bwd IAT Min; Bwd PSH Flags; Bwd Packet Length Std; Bwd Packet/Bulk Avg; Fwd IAT Min; Fwd URG Flags; Idle Max; Idle Mean; Total Length of Bwd Packet,Bwd IAT Mean; Bwd Packets/s; Flow Duration; Flow IAT Max; Flow IAT Mean; Flow IAT Std; Fwd Packet Length Max; Packet Length Min
Recomendado,P + restauradas + robustas,EDA,robusto_min,1.0,23,2,28,46,0.0,3,Total Length of Bwd Packet,Bwd Packets/s; Flow Duration; Flow IAT Max; Flow IAT Mean; Flow IAT Std; Packet Length Min
L_ksg,KSG50k,EDA,ksg_r_info,0.95,351,7,32,42,45.0,0,Bwd IAT Min; Bwd PSH Flags; Bwd Packet Length Std; Bwd Packet/Bulk Avg; Fwd IAT Min; Fwd URG Flags; Subflow Fwd Bytes,Active Max; Active Min; Bwd IAT Max; Bwd IAT Mean; Bwd Packets/s; Down/Up Ratio; Flow Duration; Flow IAT Max; Flow IAT Mean; Flow IAT Std; Fwd IAT Std; Fwd Packet Length Max; Fwd Packet Length Mean; Packet Length Mean; Packet Length Min; Total Length of Fwd Packet
P,B20,train_benign,pearson_abs,0.95,47,11,20,54,44.0,1,Bwd IAT Min; Bwd Packet Length Max; Bwd Packet Length Std; Fwd IAT Min,Bwd IAT Std
L,B20,train_benign,r_info,0.95,109,6,24,50,23.0,0,ACK Flag Count; Bwd PSH Flags; Bwd Packet Length Std; Bwd Packet/Bulk Avg; Fwd Header Length; Fwd URG Flags; Idle Max; Idle Mean; Total Bwd packets,Bwd IAT Mean; Bwd Packets/s; Flow Duration; Flow IAT Max; Flow IAT Mean; Flow IAT Std; Fwd Packet Length Mean; Fwd Packet Length Min; Packet Length Min; Total Length of Fwd Packet
L_cal,B20,train_benign,r_info,0.9413966274520271,122,5,28,46,24.0,0,ACK Flag Count; Bwd IAT Min; Bwd PSH Flags; Bwd Packet Length Std; Bwd Packet/Bulk Avg; Fwd IAT Min; Fwd URG Flags; Idle Max; Idle Mean,Bwd IAT Mean; Bwd Packet Length Min; Bwd Packets/s; Flow Bytes/s; Flow Duration; Flow IAT Max; Flow IAT Mean; Flow IAT Std; Fwd IAT Mean; Fwd Packet Length Mean; Fwd Packet Length Min; Packet Length Mean; Packet Length Min; Total Length of Fwd Packet
S,B20,train_benign,nmi_max,0.36277530974817007,231,15,52,22,34.0,0,,Active Max; Active Mean; Active Min; Active Std; Bwd Bulk Rate Avg; Bwd IAT Max; Bwd IAT Std; Bwd Packet Length Min; Bwd Packets/s; ECE Flag Count; FIN Flag Count; FWD Init Win Bytes; Flow Bytes/s; Flow Duration; Flow IAT Max; Flow IAT Mean; Flow IAT Std; Fwd Act Data Pkts; Fwd Bulk Rate Avg; Fwd Bytes/Bulk Avg; Fwd PSH Flags; Fwd Packet Length Mean; Fwd Packet Length Min; Fwd Packet Length Std; Packet Length Mean; Packet Length Min; Protocol; SYN Flag Count; Total Length of Fwd Packet
G,B20,train_benign,gauss_ratio,1.0,462,15,48,26,46.0,2,Bwd IAT Min; Fwd URG Flags,Active Max; Active Mean; Active Min; Active Std; Bwd Bulk Rate Avg; Bwd IAT Mean; Bwd IAT Std; Bwd Packet Length Min; Bwd Packets/s; ECE Flag Count; FWD Init Win Bytes; Flow IAT Max; Flow IAT Mean; Flow IAT Std; Fwd Bulk Rate Avg; Fwd Bytes/Bulk Avg; Fwd IAT Std; Fwd PSH Flags; Fwd Packet Length Min; Fwd Seg Size Min; Idle Min; PSH Flag Count; Packet Length Mean; Packet Length Min; Protocol; SYN Flag Count; Total Fwd Packet
