cuadrante,feature_a,feature_b,mismo_cluster_eda,fusionado_en_P,ambas_en_51,pearson_abs,spearman_abs,r_info,r_info_B10,r_info_B50,ksg_r_info,gauss_ratio,gauss_ratio_B10,gauss_ratio_B50,nmi_sqrt,nmi_max,u_x_given_y,u_y_given_x,H_x,H_y,mi_corr_bits,mi_ref_gauss_bits,g_stat,g_dof,g_pvalue
pearson_sobreestimo,Fwd IAT Mean,Fwd IAT Min,True,True,False,0.9669432099120604,0.7220436268419055,0.9461784121698544,0.928627449860974,0.9595959134077016,0.9693839906477596,1.2038272497747626,1.1104933858306305,1.3186531258833951,0.488019026147109,0.4422743734580027,0.4422743734580027,0.5384950704230392,3.6798732404885786,3.022337104336701,1.627513631841956,1.3519494862294117,4738094.61845572,126,0.0
pearson_sobreestimo,Flow IAT Max,Bwd IAT Max,True,False,True,0.9596340877080266,0.7431300036942293,0.945900148136114,0.8935423301746083,0.971858551500907,0.9966902679100644,1.1471276667699006,0.8708930076736777,1.4308610164586475,0.4151848703014815,0.375759840206023,0.375759840206023,0.458746406834604,4.321635146952657,3.539857551043754,1.6238969322476633,1.41562005632752,4727565.511633496,247,0.0
pearson_sobreestimo,Total Bwd packets,ACK Flag Count,True,True,False,0.999824854103762,0.7872388371880846,0.9445059004438804,0.9151610290330116,0.9604066372988734,0.9694134174723404,1.5322367752717634,1.333893371200511,1.7180092974599337,0.5990070737338193,0.5767645526295674,0.5767645526295674,0.6221073620895737,2.784600907269565,2.5816429677647355,1.606059096533218,1.0481794474932644,4675635.161097595,81,0.0
pearson_sobreestimo,Total Fwd Packet,ACK Flag Count,True,True,False,0.9996853949435004,0.7840547854238514,0.9437072179493036,0.9235711807927272,0.959529895686387,0.9685228767294004,1.5047266226707987,1.3933841873810926,1.666875093903102,0.590368645677518,0.5637634202959079,0.5637634202959079,0.6182294296713468,2.831059274364596,2.5816429677647355,1.5960476595762354,1.0606894538380316,4646489.392582462,81,0.0
pearson_sobreestimo,Bwd Packet Length Std,Packet Length Std,True,True,False,0.982028325520952,0.8315914680644935,0.9353265870093286,0.9036090136901797,0.9557491740092706,0.9869785831170792,1.5640905134808665,1.3758559146094664,1.7785454951714812,0.5091889360889355,0.3700662211481529,0.700613451914013,0.3700662211481529,2.139629486196049,4.050770144570117,1.4990532001408203,0.9584184465160482,4364114.537294252,136,0.0
pearson_sobreestimo,Bwd Packet Length Std,Packet Length Variance,True,False,False,0.96395787604381,0.8315884005584507,0.93526422501601,0.9036086250901438,0.9555566049339228,0.9869609915431278,1.5635161658523813,1.3758496987633375,1.775550017754686,0.5089340641552001,0.3698616438400807,0.7002993848411077,0.3698616438400807,2.139629486196049,4.051193839442439,1.4983812129709886,0.958340723106062,4362158.216480246,136,0.0
pearson_sobreestimo,Total Length of Bwd Packet,Bwd Header Length,True,True,False,0.9938529061687272,0.6215261854421201,0.9349816864162492,0.9157580012395844,0.9512440125205764,0.9773808782703884,1.1135364536548435,1.0188751108584808,1.2323806719067325,0.4263509118949524,0.3855694822063966,0.3855694822063966,0.4714457664892489,3.87827652236386,3.171828398665149,1.4953450705810585,1.3428793154216412,4353319.255234611,165,0.0
pearson_sobreestimo,Bwd Packet Length Max,Bwd Packet Length Std,True,True,False,0.9835152845007902,0.8253432591774522,0.9335929577508728,0.9008676008691612,0.9499965800713076,0.98122574279434,1.5437635611725846,1.3561191344537964,1.691461471031415,0.5017665722611154,0.3638304350794489,0.3638304350794489,0.6919973393201443,4.069527364458319,2.139629486196049,1.4806179115785936,0.9590962948069404,4310444.853785975,136,0.0
pearson_sobreestimo,Bwd Packet Length Std,Packet Length Max,True,True,False,0.9728221277273084,0.827575637470106,0.9296275566784188,0.8972874863807521,0.944063964734132,0.9776719950731524,1.5042710319132324,1.3168574216474556,1.6146191455933918,0.4881235550626605,0.3539620716398732,0.6731359772620623,0.3539620716398732,2.139629486196049,4.06897151013018,1.440261585169302,0.957448195580474,4192957.6086781714,136,0.0
pearson_sobreestimo,Bwd PSH Flags,PSH Flag Count,True,True,False,0.955595534942235,0.9862652058258002,0.9294667787558482,0.9125325030502052,0.9390383923096036,0.9469978924977572,1.756317523152939,1.698721828136634,1.8277122593472064,0.8116655775428309,0.7811150560787643,0.8434109733784296,0.7811150560787643,1.7057823218196313,1.8418228111487625,1.438675528417613,0.819143184220416,4188340.2052889057,30,0.0
pearson_sobreestimo,Total Length of Bwd Packet,Fwd Header Length,True,True,False,0.99583426550203,0.5685956962625829,0.9225596815075804,0.904342952630658,0.941838672285573,0.9739840849145736,1.0100139873848768,0.9447425397129284,1.130248654385262,0.3841892237712961,0.3542479376839447,0.3542479376839447,0.4166611685222539,3.87827652236386,3.297335013694899,1.3738714598154589,1.3602499341347538,3999679.537451428,180,0.0
pearson_sobreestimo,Total Length of Bwd Packet,ACK Flag Count,True,True,False,0.9957486596407396,0.5600712256657281,0.9212347791478976,0.9016567471960424,0.9354593990064488,0.9570115128757288,1.2287306517766776,1.1504832193594392,1.3192927938148038,0.4304786914645113,0.3512209098745125,0.3512209098745125,0.5276220708818502,3.87827652236386,2.5816429677647355,1.3621318089295953,1.1085682667393597,3965502.510852944,135,0.0
pearson_sobreestimo,Total Bwd packets,Total Length of Bwd Packet,True,True,False,0.9944234093893276,0.8053741727116684,0.8995088538623063,0.8739033588363929,0.9200368032121492,0.9548949101735364,0.9300901376892876,0.8507242157133396,1.0285989013153007,0.3635194818373437,0.3080277086267801,0.4290082027503741,0.3080277086267801,2.784600907269565,3.87827652236386,1.1946166306047774,1.2844095235464794,3477824.40518191,135,0.0
pearson_sobreestimo,Total Fwd Packet,Total Length of Bwd Packet,True,True,False,0.9969863460947592,0.7439833208049818,0.8867065301530652,0.8550642466274117,0.9090800797492996,0.945756707623916,0.8551337677964432,0.7658638332150295,0.948280170364528,0.3358922632103548,0.2869822896315816,0.3931378923396755,0.2869822896315816,2.831059274364596,3.87827652236386,1.1129966762123884,1.3015468668491723,3240208.5357360104,135,0.0
pearson_sobreestimo,Idle Mean,Idle Max,True,True,False,0.9870567434623932,0.9991036057175366,0.8815567717529683,0.8316313328663795,0.9091544231994264,0.9809076475493038,1.9595573785439948,1.7118576434951231,2.1428480792534463,0.8954032036501138,0.8954032036305132,0.8954032036305132,0.8954032036697146,1.20940239447707,1.2094023944241217,1.0829027784931822,0.5526262156700963,3152597.758141261,16,0.0
pearson_sobreestimo,Flow IAT Max,Idle Max,True,True,False,0.9983349209907558,0.7279102861207182,0.8756382843050337,0.8344304247069869,0.9316042072122288,0.9954139581071304,1.6442080942250843,1.4813173690847434,2.16611393898275,0.4592833193288665,0.2429640594704086,0.2429640594704086,0.8681990573977577,4.321635146952657,1.2094023944241217,1.0500020188536134,0.6386065258658635,3056815.511442093,76,0.0
pearson_sobreestimo,Fwd IAT Max,Idle Max,True,True,False,0.9968785716491402,0.7293480158203006,0.8665271908312404,0.8129512903132596,0.9146490400739576,0.985801963681101,1.5697644166526197,1.3370933321356615,1.9380270632429144,0.4752005923721089,0.2724173868195702,0.2724173868195702,0.828932417373078,3.680061915617628,1.2094023944241217,1.0025128503867755,0.6386390465676012,2918562.799363113,56,0.0
pearson_sobreestimo,Flow IAT Max,Idle Mean,True,True,False,0.9854029267816374,0.7272577915021016,0.8656744585947149,0.8130379779989686,0.9049533922272928,0.9809038224026406,1.563168733065189,1.3448482315019812,1.8288377375515243,0.4366457542911608,0.2309886306570976,0.2309886306570976,0.8254064894801278,4.321635146952657,1.20940239447707,0.9982485847941792,0.6386057779167138,2906148.4677958367,76,0.0
pearson_sobreestimo,Idle Mean,Idle Min,True,False,False,0.9895983854020526,0.9978183152158372,0.8638799786151936,0.842730557000584,0.9025177301010164,0.9807442677228114,1.790309140054487,1.802309189432754,2.0608651725165084,0.8180651277730392,0.8180651277730392,0.8180651277730392,0.8180651277730392,1.20940239447707,1.20940239447707,0.989369924366904,0.5526251875901125,2880300.491860939,16,0.0
pearson_sobreestimo,Fwd IAT Max,Idle Mean,True,True,False,0.9840091032825794,0.7289600867297681,0.8630505572572174,0.8072362239902072,0.8988586388644494,0.9762618668435372,1.5428278219133718,1.303788532492221,1.76527825941238,0.4670457744391059,0.2677424890518221,0.2677424890518221,0.8147072815895287,3.680061915617628,1.20940239447707,0.9853089371522804,0.6386382998527521,2868477.953916696,56,0.0
pearson_sobreestimo,Idle Max,Idle Min,True,False,False,0.9559200292593972,0.9955938175605872,0.8520977697659305,0.8221251418506248,0.8857948127888284,0.9753804562459928,1.6902297314487935,1.6395180361933344,1.8780103130253296,0.772333525114981,0.7723335250980744,0.7723335251318878,0.7723335250980744,1.2094023944241217,1.20940239447707,0.9340620145885274,0.5526242955079774,2719285.490479736,16,0.0
pearson_sobreestimo,Flow IAT Max,Idle Min,True,False,True,0.9544040317723628,0.7247029806005523,0.8447126998877684,0.8029522044434632,0.8848491070839641,0.9756946731449014,1.4121326223390878,1.2864690701941448,1.6348527632624097,0.3944562739758253,0.2086701031312908,0.2086701031312908,0.7456542635673772,4.321635146952657,1.20940239447707,0.9017960518104222,0.6386057779167138,2625351.294410846,76,0.0
pearson_sobreestimo,Fwd IAT Max,Idle Min,True,False,False,0.9530625997573856,0.7264804705626708,0.8422731859638515,0.7983881216350258,0.8817896498375625,0.970497166991162,1.3959491162324944,1.254367765779887,1.6080952164712128,0.4225825635292428,0.2422531442985381,0.2422531442985381,0.7371463578564751,3.680061915617628,1.20940239447707,0.8915065702716721,0.6386382998527521,2595396.069365957,56,0.0
pearson_sobreestimo,Bwd IAT Max,Idle Max,True,False,False,0.9582023565516872,0.6758599824463399,0.8231147194835986,0.7569217889927241,0.8724758615406861,0.953765035243316,1.2794840122389275,1.0646238592952275,1.5326957276624085,0.3945485208465157,0.2306178604892836,0.2306178604892836,0.6750064152529377,3.539857551043754,1.2094023944241217,0.8163543748585457,0.6380340567366948,2376609.445594903,52,0.0
pearson_sobreestimo,Fwd IAT Min,Bwd IAT Min,True,False,False,0.9502267154296736,0.5951998264475326,0.8230811307711445,0.8062924041714714,0.842758819858952,0.878907296172735,0.6174791954414511,0.5984367113132042,0.6597218765087184,0.2631521156668092,0.2564151661053505,0.2700660691476655,0.2564151661053505,3.022337104336701,3.1832387834344984,0.8162307014073508,1.321875631492017,2376249.4015976745,90,0.0
pearson_sobreestimo,Bwd IAT Max,Idle Mean,True,False,False,0.9520111375685476,0.6758464141986378,0.817966136218343,0.7444095520087104,0.8589647037883223,0.9364394428351902,1.250245056542994,1.0107629223107384,1.4326740353583824,0.3855317710219828,0.2253474730938546,0.2253474730938546,0.659580266983699,3.539857551043754,1.20940239447707,0.7976979542399106,0.6380332800079974,2322295.99199098,52,0.0
pearson_sobreestimo,Bwd Bytes/Bulk Avg,Bwd Packet/Bulk Avg,True,True,False,0.978953752079924,0.997244529980854,0.7633669959778233,0.7438333361698706,0.7875249083260611,0.8137229882074626,1.7201761130129274,1.9215205818494,1.7850672385954849,0.8325804615173223,0.7910751993980888,0.7910751993980888,0.8762633760075276,0.7969811388176821,0.7195005868889557,0.6304720133067138,0.3665159680670299,1835459.9278868383,6,0.0
pearson_sobreestimo,Fwd URG Flags,URG Flag Count,True,True,False,0.9996455668800104,0.9946667330466346,0.0325348544772166,0.0325348544772166,0.0325348544772166,0.0485292309940753,2.7777279719610544,2.7777279719610544,2.7777279719610544,0.9841557205572856,0.979255531984537,0.9890804296430814,0.979255531984537,0.0007723970866196,0.0007801465678121,0.0007639628422887,0.0002750315545655,2224.084739402156,16,0.0
redundancia_no_lineal_no_detectada,Packet Length Std,Packet Length Variance,True,False,False,0.9393770217428484,0.9999961292631152,0.998010954486758,0.9936089472997652,0.9994818784206452,0.9999975357887814,2.7186910249842877,2.303662565679786,3.2925805626566595,0.9843469472423722,0.9842954718408145,0.9843984253359238,0.9842954718408145,4.050770144570117,4.051193839442439,3.9875717517125953,1.4667248742381975,11608807.378229195,289,0.0
redundancia_no_lineal_no_detectada,Flow Packets/s,Flow IAT Mean,False,False,True,0.0404379368829646,0.9958812641841072,0.9947138280918608,0.9871753183219608,0.9987772965439068,0.9999269721494536,2.0937934662869364,1.8505980290947013,2.643558971560965,0.7597916444890193,0.7597805573221612,0.7598027318176679,0.7597805573221612,4.32176595458307,4.321892087028573,3.2836895785688074,1.568296793089145,9559632.32288726,361,0.0
redundancia_no_lineal_no_detectada,Flow Packets/s,Bwd Packets/s,False,False,True,0.4815020254356825,0.890922364451001,0.9939310012680448,0.9840805968267669,0.9989184785587744,0.999997442033671,2.0296633337970404,1.741643750934724,2.7002026428576493,0.7368083747155383,0.736798705109951,0.7368180444480278,0.736798705109951,4.32176595458307,4.321879391390578,3.184355139217961,1.5689080480459554,9270445.207457148,361,0.0
redundancia_no_lineal_no_detectada,Flow IAT Mean,Fwd Packets/s,False,False,False,0.0325782422412463,0.995382466344491,0.9938592679969483,0.9867321794447366,0.9982461596406323,0.999853602899736,2.025426191977354,1.8335310167970709,2.485017223508033,0.7348420299807503,0.7348413531778435,0.7348413531778435,0.7348427067842807,4.321892087028573,4.321884125949425,3.1759050295206905,1.5680181495135914,9245844.84866526,361,0.0
redundancia_no_lineal_no_detectada,Fwd Packets/s,Bwd Packets/s,False,False,False,0.2534209112825726,0.8834302849190673,0.9926467471366404,0.9810586117777756,0.9983706904018836,0.9999940900905566,1.9420911609027416,1.6547925458800317,2.520002288639236,0.7048683945232962,0.7048680084368453,0.7048680084368453,0.7048687806099587,4.321884125949425,4.321879391390578,3.046357856552787,1.5685967362812925,8868700.994957138,361,0.0
redundancia_no_lineal_no_detectada,Fwd IAT Total,Fwd IAT Max,False,False,False,0.6611202094806358,0.9955162111343226,0.992589500317508,0.9873343151290028,0.9957808043488688,0.9988692240688088,2.1745223038010053,1.999354372865875,2.399969957383912,0.8262766034051547,0.8262669823660631,0.8262669823660631,0.8262862245562734,3.6801476172768703,3.680061915617628,3.040784466389017,1.398368948009321,8852475.478055246,196,0.0
redundancia_no_lineal_no_detectada,Bwd IAT Total,Bwd IAT Max,False,False,False,0.6600176370997555,0.9967596530172572,0.9922778384280472,0.9860464440400828,0.9954703711110008,0.9988136948209644,2.2004370558910065,2.0131724885349,2.409942539103766,0.8506233064175825,0.8505964672888063,0.8505964672888063,0.8506501463932219,3.54008094296978,3.539857551043754,3.011180344006521,1.3684464801867404,8766290.55757267,169,0.0
redundancia_no_lineal_no_detectada,Flow IAT Mean,Bwd Packets/s,False,False,True,0.0438254734812311,0.8870739280472306,0.9918394022533008,0.98096307101203,0.99786826055274,0.9999211911245052,1.894866017161462,1.6526904333003585,2.4024772728103674,0.6875480383031168,0.6875470284598315,0.6875470284598315,0.6875490481478856,4.321892087028573,4.321879391390578,2.971504061760555,1.5681868980963165,8650783.089179188,361,0.0
redundancia_no_lineal_no_detectada,Flow Duration,Flow IAT Max,False,False,True,0.6604142298460348,0.9859896947777512,0.9912521778672392,0.9789145548462426,0.9973031526731015,0.9999586254747588,1.864752170200131,1.6022741736904786,2.297575176996086,0.6760240149848651,0.6760094176319527,0.6760094176319527,0.6760386126529843,4.321821786703103,4.321635146952657,2.9215922291382497,1.566745584655732,8505477.402690185,361,0.0
redundancia_no_lineal_no_detectada,Fwd IAT Mean,Fwd IAT Max,False,False,False,0.7578418627358798,0.9939264089016766,0.9911267513425276,0.9861658561655344,0.9942426081298444,0.998057852470929,2.081987855701738,1.952110927778748,2.244201847042277,0.7911396910127568,0.7911194100636857,0.7911599724817454,0.7911194100636857,3.6798732404885786,3.680061915617628,2.9113684116812557,1.3983599393762904,8475713.342024079,196,0.0
redundancia_no_lineal_no_detectada,Fwd IAT Total,Fwd IAT Mean,False,False,False,0.4334532704936223,0.9927323131294236,0.990560742996676,0.9857378697449638,0.9937756996466616,0.999566295709816,2.0502567572361894,1.9356343634624733,2.205155767735843,0.7790651953632693,0.7790361528610693,0.7790361528610693,0.7790942389481751,3.6801476172768703,3.6798732404885786,2.866968041724204,1.3983458567350204,8346452.886175943,196,0.0
redundancia_no_lineal_no_detectada,Bwd IAT Mean,Bwd IAT Max,False,False,True,0.7841121079513093,0.9949181233129624,0.9905465201947676,0.9844191846908728,0.993774777823671,0.997911720102622,2.0942882491256585,1.9516890590463527,2.2475421331169323,0.8096802867019289,0.8096052077811222,0.809755372585196,0.8096052077811222,3.539201103388576,3.539857551043754,2.865887108128353,1.3684301143000863,8343306.021195394,169,0.0
redundancia_no_lineal_no_detectada,Bwd IAT Total,Bwd IAT Mean,False,False,False,0.4537910072816196,0.9933206982007012,0.9898207897963568,0.9842979229352914,0.9933150647265172,0.9993711681066032,2.0555065947354207,1.9474379834755264,2.211149050358046,0.7946557384847731,0.7945569818417592,0.7945569818417592,0.7947545074023941,3.54008094296978,3.539201103388576,2.812796029521597,1.3684198516928878,8188744.763511804,169,0.0
redundancia_no_lineal_no_detectada,Packet Length Max,Packet Length Variance,True,False,False,0.9338607630231598,0.989732299519644,0.9892800668282166,0.9782987668977732,0.9931187817818836,0.9986405944951356,1.879652984745812,1.639323790791782,2.039536033639429,0.6836470611416694,0.6821519712344309,0.6821519712344309,0.6851454278756636,4.06897151013018,4.051193839442439,2.775656936532042,1.476685834596963,8080623.680415876,289,0.0
redundancia_no_lineal_no_detectada,Total Length of Fwd Packet,Fwd Packet Length Max,False,False,True,0.2141837234305871,0.8876141586441983,0.9878501115933884,0.9693872888162272,0.9963428361205552,0.9996975779089394,1.8076045090521031,1.4416195277760946,2.320272303300181,0.6585740674418948,0.6574349326806365,0.6574349326806365,0.6597151759771952,4.085350413473319,4.071229785005712,2.6858520740586416,1.4858626766023535,7819179.519659567,289,0.0
redundancia_no_lineal_no_detectada,Bwd Packet Length Max,Packet Length Variance,True,False,False,0.9332053145331108,0.9798550548063534,0.987784772497266,0.9752072354718726,0.9920195223855012,0.9983481884220742,1.8211570942448445,1.588469730899536,1.9756953360765803,0.6605358605632221,0.6590462993064273,0.6590462993064273,0.66202878849204,4.069527364458319,4.051193839442439,2.682006949472494,1.4726939032047683,7807985.411203284,289,0.0
redundancia_no_lineal_no_detectada,Bwd Packet Length Mean,Packet Length Max,True,False,False,0.9376298164015068,0.9318356548261408,0.9874002337025876,0.977131768789021,0.9954018057367092,0.9997340262006784,1.792882509612629,1.6049849880886613,2.2261147310602487,0.6535855224187587,0.6534952129284171,0.6534952129284171,0.6536758443893814,4.070096207379612,4.06897151013018,2.659788387680682,1.4835263177704583,7743301.683831695,289,0.0
redundancia_no_lineal_no_detectada,Bwd Packet Length Max,Subflow Bwd Bytes,True,False,False,0.917978976129356,0.947549240199696,0.985811128712619,0.9647428362589372,0.9943479852066636,0.9992096048808436,1.7413461894839042,1.4013067398770944,2.130368055729781,0.6334088355519182,0.6326739551936857,0.6326739551936857,0.6341445695080212,4.069527364458319,4.060089918357669,2.5746839734407807,1.4785595127433329,7495541.690165442,289,0.0
redundancia_no_lineal_no_detectada,Fwd Packet Length Min,Packet Length Min,False,False,True,0.839400903528461,0.9984823511935657,0.9854886827352408,0.971845217376597,0.9933500894372964,0.9961716616314245,2.509742005785629,2.1826993288640524,2.9741368034767075,0.9930087595038756,0.9920690775968932,0.9920690775968932,0.99394933147195,2.579045996800042,2.5741672156832505,2.5585917831253777,1.0194640633288747,7448693.345032822,100,0.0
redundancia_no_lineal_no_detectada,Total Length of Bwd Packet,Bwd Packet Length Max,False,False,False,0.0208320807757568,0.960318438287633,0.9851226720252404,0.967411954634786,0.9944078374100926,0.9997247708311312,1.7418815350275694,1.4435482439328495,2.1730883675585413,0.6395457808718541,0.6243369482601558,0.6551251002696625,0.6243369482601558,3.87827652236386,4.069527364458319,2.540756295587102,1.4586274924528024,7396769.830618385,255,0.0
redundancia_no_lineal_no_detectada,Flow Duration,Flow Packets/s,False,False,True,0.072036749603531,0.9586207452934238,0.9850246753127254,0.9705436361247564,0.9948439687193532,0.9998961191939856,1.6175598213688442,1.4355159056303988,2.0121887171798414,0.5868063259533438,0.586802535567176,0.586802535567176,0.5868101163639952,4.321821786703103,4.32176595458307,2.536055982706844,1.5678282491962066,7383086.057575081,361,0.0
redundancia_no_lineal_no_detectada,Flow Duration,Fwd Packets/s,False,False,False,0.0580364743428774,0.9566383895402466,0.984886874818134,0.9703998534889564,0.9953753097343068,0.9998806530506512,1.613632142904294,1.4331020021093364,2.0597199587852177,0.5852810628691553,0.5852768417805221,0.5852852839882315,0.5852768417805221,4.321821786703103,4.321884125949425,2.5294986917770514,1.5675807543250448,7363996.162253629,361,0.0
redundancia_no_lineal_no_detectada,Flow Packets/s,Flow IAT Max,False,False,True,0.0612394620693543,0.9721948099679903,0.984409220476762,0.9698371612828658,0.9940002137076132,0.9994878428545124,1.5991856763124517,1.4236062136779006,1.9458666167628813,0.5801481965867102,0.5801394167978557,0.5801394167978557,0.5801569765084374,4.32176595458307,4.321635146952657,2.5072267804286503,1.5678146806630002,7299157.121131036,361,0.0
redundancia_no_lineal_no_detectada,Fwd Packet Length Max,Fwd Packet Length Mean,False,False,True,0.7919108017848584,0.8462761394974172,0.9841849642390306,0.9622844320166588,0.995661001378423,0.9994597798723204,1.6804805107741774,1.3366902566618513,2.2391656271527776,0.6123738979656403,0.6114195159679265,0.6133297696851798,0.6114195159679265,4.071229785005712,4.083949499747377,2.497006426372997,1.485888357742784,7269403.143282631,289,0.0
redundancia_no_lineal_no_detectada,Packet Length Max,Subflow Bwd Bytes,True,False,False,0.9056266089688408,0.9244469174038504,0.983907835228596,0.9694298969694638,0.9933814943763978,0.9991311592016864,1.6753042063816777,1.457809537055979,2.0488345583777576,0.6112828373781074,0.6106153307999201,0.6106153307999201,0.611951073654698,4.06897151013018,4.060089918357669,2.4845763846735904,1.48305983785463,7233216.218312617,289,0.0
redundancia_no_lineal_no_detectada,Flow IAT Max,Fwd Packets/s,False,False,False,0.0493370326476464,0.970689905744631,0.9838974590276256,0.9694132053456364,0.9940396342561916,0.999324706301234,1.584948642816298,1.416644535775032,1.9485899785173133,0.5747925367612544,0.5747759799394885,0.5748090940599511,0.5747759799394885,4.321635146952657,4.321884125949425,2.4841151836775004,1.5673158842948196,7231873.548171584,361,0.0
redundancia_no_lineal_no_detectada,Flow IAT Std,Flow IAT Max,False,False,True,0.8890806193896883,0.8468655874617848,0.9825632186088068,0.9636412820229738,0.990718808946293,0.9995972506922046,1.6937283703503754,1.4130063056975568,1.9497875771170987,0.6008411066906584,0.5616341260780192,0.6427850779122807,0.5616341260780192,3.7760331756146313,4.321635146952657,2.4271777789868074,1.4330383912059677,7066114.684174551,285,0.0
redundancia_no_lineal_no_detectada,Packet Length Max,Packet Length Mean,True,False,False,0.91282649771881,0.9587965528680996,0.9816782083292744,0.9729370386303944,0.9881704039301286,0.9983468730153932,1.6059267594150817,1.501677649223824,1.765761368351026,0.5861860286882371,0.5845654929196281,0.5878110569152776,0.5845654929196281,4.06897151013018,4.091562832390144,2.3917864439277743,1.489349641822347,6963081.756583408,289,0.0
redundancia_no_lineal_no_detectada,Total Length of Bwd Packet,Packet Length Max,False,False,False,0.0205962759284965,0.945893626358175,0.981587274841762,0.962788227759158,0.9929088208730916,0.9996477054192674,1.6319465407417422,1.3588018028270952,2.0511972337015925,0.6011983213448104,0.5869415037048218,0.6158014372921039,0.5869415037048218,3.87827652236386,4.06897151013018,2.3882482566878878,1.463435349789335,6952781.218638652,255,0.0
redundancia_no_lineal_no_detectada,Bwd Packet Length Mean,Packet Length Variance,True,False,False,0.8766656371812749,0.9329852887801272,0.981410712811746,0.9609992229527748,0.988762426654616,0.9981005592389476,1.617682268125733,1.3525996409881589,1.8186391166674485,0.5864671320806832,0.5851037099528498,0.5851037099528498,0.5878337312861306,4.070096207379612,4.051193839442439,2.381428390802834,1.4721236906194113,6932926.902695388,289,0.0
redundancia_no_lineal_no_detectada,Flow IAT Max,Bwd Packets/s,False,False,True,0.0663683530146888,0.8649378344587721,0.9813887561373492,0.9625942684238656,0.9932859592733922,0.99953976038167,1.518729179735654,1.316719520282967,1.8989107980915363,0.5508372457294802,0.5508216806451552,0.5508528112536424,0.5508216806451552,4.321635146952657,4.321879391390578,2.3805848699114187,1.5674847771910043,6930471.2048026165,361,0.0
redundancia_no_lineal_no_detectada,Flow Duration,Bwd Packets/s,False,False,True,0.0780674259126932,0.8527271344412092,0.980561748744626,0.9606278978946532,0.9949377451468384,0.999937692193511,1.4986602404371128,1.2915534885767426,2.0226738035017298,0.5436384226640667,0.5436347996770566,0.5436420456752217,0.5436347996770566,4.321821786703103,4.321879391390578,2.3495240371670163,1.5677496298171845,6840045.440254982,361,0.0
redundancia_no_lineal_no_detectada,Total Length of Bwd Packet,Bwd Packet Length Mean,False,False,False,0.0203764999420929,0.9258731824830904,0.980073912221794,0.9557983947550636,0.9937959993972336,0.9997774060179112,1.5992413374176495,1.2852836017139866,2.128227740963146,0.5869128503734906,0.5729156245787741,0.601252050311594,0.5729156245787741,3.87827652236386,4.070096207379612,2.3318217107465897,1.4580799383987055,6788509.590781424,255,0.0
redundancia_no_lineal_no_detectada,Flow IAT Mean,Flow IAT Max,False,False,True,0.7284283947204826,0.9573324622558278,0.97982505686118,0.9634550237754836,0.9930708602110676,0.9998842691253962,1.4822739163045182,1.3287732594039778,1.8832449028663,0.5375026309832184,0.5374866532567136,0.5374866532567136,0.537518609184689,4.321892087028573,4.321635146952657,2.322959313593661,1.5671592733582396,6762708.961259577,361,0.0
redundancia_no_lineal_no_detectada,Flow IAT Std,Fwd Packets/s,False,False,False,0.0408351670204454,0.7670077239140877,0.979396790796653,0.9652335863940428,0.9914347133799246,0.9960154108057928,1.610292153007961,1.4363721508210814,1.9884561046003435,0.5713133964817048,0.5340178193293255,0.6112136808644083,0.5340178193293255,3.7760331756146313,4.321884125949425,2.30796313633354,1.433257394953057,6719051.381142615,285,0.0
redundancia_no_lineal_no_detectada,Flow Duration,Flow IAT Mean,False,False,True,0.4453148356989214,0.9407252542051368,0.9792417901505204,0.961420691498294,0.9941538634191291,0.9999862478473271,1.469257079384063,1.3021469625480713,1.9575313825049887,0.5327832869554618,0.5327789537849389,0.5327876201612273,0.5327789537849389,4.321821786703103,4.321892087028573,2.302613144498489,1.5671955417521508,6703476.23201545,361,0.0
redundancia_no_lineal_no_detectada,Flow Packets/s,Flow IAT Std,False,False,True,0.0506871186593614,0.7705672542639438,0.9791807900639896,0.9634051510744456,0.9914028115075052,0.99672656230418,1.6047749230240929,1.4088524533792788,1.9868151768608917,0.5694783937748026,0.5323098837722045,0.5323098837722045,0.6092421930589432,4.32176595458307,3.7760331756146313,2.300518732974784,1.4335460381195435,6697378.882183688,285,0.0
redundancia_no_lineal_no_detectada,Bwd Packet Length Max,Packet Length Mean,True,False,False,0.9081078686019604,0.9513797749285926,0.9787411040686118,0.9642798060320084,0.9864675959466248,0.9980286354168514,1.5401797941021973,1.3788844694991031,1.7099013313634948,0.5601241016578881,0.558613766839794,0.5616385199973668,0.558613766839794,4.069527364458319,4.091562832390144,2.285603326063155,1.4839847495827465,6653956.444523315,289,0.0
redundancia_no_lineal_no_detectada,Packet Length Variance,Subflow Bwd Bytes,True,False,False,0.8082522593489395,0.9261081935024568,0.9780420809231604,0.956740126515664,0.986673120721534,0.997477573963988,1.537296079197917,1.3000387977805152,1.7334081748232826,0.5578703186256119,0.5572588075512521,0.558482500745075,0.5572588075512521,4.051193839442439,4.060089918357669,2.262520866454855,1.4717534878741922,6586757.696991454,289,0.0
redundancia_no_lineal_no_detectada,Packet Length Std,Subflow Bwd Bytes,True,False,False,0.9301282314743524,0.926095773629388,0.9779534086745524,0.956740346543978,0.9866955817237149,0.9974371676764068,1.535315665691288,1.3000434734692194,1.734184612088872,0.5571906160627207,0.5565507442808217,0.5578312235114056,0.5565507442808217,4.050770144570117,4.060089918357669,2.2596460659090214,1.4717794629494634,6578388.441749069,289,0.0
redundancia_no_lineal_no_detectada,Flow IAT Mean,Flow IAT Std,True,False,True,0.7832917960935151,0.7345221469787879,0.9776840900291712,0.9638215069251852,0.9910812310417744,0.9995466628446554,1.5707278885794065,1.4149908768214996,1.969312811304298,0.557208703674227,0.5208334070621582,0.5208334070621582,0.596124471357611,4.321892087028573,3.7760331756146313,2.250985780642073,1.4330844935069589,6553176.209903626,285,0.0
redundancia_no_lineal_no_detectada,Fwd Packet Length Max,Subflow Fwd Bytes,False,False,False,0.752870146014525,0.8446341570186691,0.9772352753292924,0.9480423641545924,0.9899971152147112,0.995128411463884,1.5067677575573153,1.1773779191443332,1.8524526754923265,0.5505000346102393,0.549412814401776,0.549412814401776,0.5515894062934238,4.071229785005712,4.0551645639590905,2.2367858142563257,1.4844927514791486,6511836.596521453,289,0.0
redundancia_no_lineal_no_detectada,Total Length of Bwd Packet,Packet Length Variance,False,False,False,0.0067279096783987,0.9414663660830628,0.9766101535091478,0.9584466127147012,0.9860907366300576,0.9975752512684468,1.5271308389708955,1.3221007461157726,1.743289813790173,0.5594321076374351,0.5473627794304344,0.5717675640665993,0.5473627794304344,3.87827652236386,4.051193839442439,2.2174727199686664,1.4520515619100318,6455611.403490951,255,0.0
redundancia_no_lineal_no_detectada,Total Length of Bwd Packet,Packet Length Std,False,False,False,0.0114916853480666,0.941453813928801,0.9765885008485756,0.958446955330238,0.9860434095825262,0.997821119208759,1.5266102174507306,1.3221070947703244,1.7416096532261054,0.5592949588150075,0.5472572077384646,0.5715974984570215,0.5472572077384646,3.87827652236386,4.050770144570117,2.216813158507779,1.4521147134791297,6453691.256988194,255,0.0
redundancia_no_lineal_no_detectada,Total Length of Bwd Packet,Subflow Bwd Bytes,False,False,False,0.0277631285276531,0.919835330400932,0.976279561087956,0.9521442368468842,0.991800471021786,0.9993026688128444,1.514315922280149,1.2451980114447212,1.9900518221450327,0.5562979317930793,0.5436995892893799,0.5691881969632056,0.5436995892893799,3.87827652236386,4.060089918357669,2.207469221089017,1.4577336133170724,6426488.744681788,255,0.0
redundancia_no_lineal_no_detectada,Flow IAT Std,Bwd Packets/s,False,False,True,0.0549338843204114,0.6903384168357316,0.9744862060124674,0.9557684229805112,0.9897903931472446,0.996745998757619,1.5037835133131736,1.3098506907803804,1.903086135294255,0.5335855074049415,0.4987530957982541,0.5708505793972168,0.4987530957982541,3.7760331756146313,4.321879391390578,2.155550726122725,1.433418246070248,6275341.167920971,285,0.0
redundancia_no_lineal_no_detectada,Total Length of Fwd Packet,Fwd Packet Length Mean,False,False,True,0.2163930158827972,0.7033001397100999,0.973880083791083,0.9407936588666987,0.9932815614420184,0.9996499836702164,1.4387446333150735,1.1113265958082634,2.0331136320346435,0.5236276893677976,0.5235379026860983,0.5235379026860983,0.5237174914479008,4.085350413473319,4.083949499747377,2.138835787207606,1.4865986205484027,6226679.847627199,289,0.0
redundancia_no_lineal_no_detectada,Packet Length Mean,Packet Length Variance,True,False,False,0.8016119402644261,0.9506890600327534,0.973815186820434,0.960137203397594,0.9832575121531456,0.9988479790855828,1.4472257763405558,1.3275777441005336,1.618205327348048,0.5249071861031743,0.5223112952422158,0.5223112952422158,0.5275159785602181,4.091562832390144,4.051193839442439,2.137069482550605,1.476666265545921,6221537.698015575,289,0.0
redundancia_no_lineal_no_detectada,Packet Length Mean,Packet Length Std,True,False,True,0.9351435235111276,0.9506621836567402,0.9737778791466924,0.960137038798667,0.9832757075408114,0.9988287579073424,1.4464722959056326,1.3275774605513708,1.6186799166728167,0.5246857131956938,0.5220636154106738,0.5220636154106738,0.5273209806339731,4.091562832390144,4.050770144570117,2.136056084957535,1.476734874911763,6218587.447038786,289,0.0
redundancia_no_lineal_no_detectada,Fwd Packet Length Max,Fwd Packet Length Min,False,False,True,0.1597842142119499,0.0587402937167529,0.9733334320335744,0.9274501377269256,0.9891067877087152,0.9947273761410976,1.9421053705555071,1.3770561046433198,2.4511785631072067,0.6555133062801622,0.5217329292794386,0.5217329292794386,0.8235970370967424,4.071229785005712,2.579045996800042,2.124094641500729,1.093707207499852,6183764.727423519,170,0.0
redundancia_no_lineal_no_detectada,Fwd Packet Length Max,Packet Length Min,False,False,True,0.2446298705788281,0.0580136859464978,0.9732387938409834,0.9269744843710888,0.9889386764612836,0.9945915614432116,1.9434614217570367,1.3752041909740818,2.4459382461931787,0.6553554983681571,0.5211137317663159,0.5211137317663159,0.8241786831938119,4.071229785005712,2.5741672156832505,2.1215737461425026,1.0916469565032263,6176425.777692582,170,0.0
redundancia_no_lineal_no_detectada,Total Length of Fwd Packet,Subflow Fwd Bytes,False,False,False,0.2092399569377901,0.7266282552550373,0.9710390863542376,0.9429396641416804,0.9880929172461008,0.9964210532579364,1.3906439516662257,1.1312015029496183,1.7700713097197691,0.5074397747969646,0.505561612749435,0.505561612749435,0.5093249142189383,4.085350413473319,4.0551645639590905,2.065396343682142,1.4852085907449206,6012879.468114205,289,0.0
redundancia_no_lineal_no_detectada,Total Length of Bwd Packet,Packet Length Mean,False,False,False,0.0269372511972142,0.9170530971300528,0.969535710323596,0.9494439367403568,0.9828222293030304,0.9979841382009864,1.3867838002350588,1.203424978206433,1.6267434380245689,0.5094626846827779,0.4960062546823641,0.5232841816690342,0.4960062546823641,3.87827652236386,4.091562832390144,2.0294407562914007,1.46341539030627,5908203.862462485,255,0.0
redundancia_no_lineal_no_detectada,Flow IAT Std,Fwd IAT Max,False,False,False,0.8885759453949164,0.910691205550572,0.9685906837743704,0.9535867695274616,0.9788441817048262,0.9921662812690848,1.4386644931445574,1.3082972162224222,1.5946626223767466,0.5385973635711933,0.531708845582021,0.531708845582021,0.5455751252893,3.7760331756146313,3.680061915617628,2.0077502406854686,1.3955652970186492,5845057.408108254,210,0.0
redundancia_no_lineal_no_detectada,Flow Duration,Flow IAT Std,False,False,True,0.5587297346132439,0.8551364454963803,0.9685827622666464,0.9528802668982412,0.9851284557138572,0.9989367871648608,1.40085208962225,1.2765884050681844,1.720948110996012,0.4969579444672332,0.4645196724285483,0.4645196724285483,0.5316614413291305,4.321821786703103,3.7760331756146313,2.007571240653889,1.4331072177614732,5844536.294754892,285,0.0
redundancia_no_lineal_no_detectada,Flow IAT Std,Fwd IAT Mean,True,False,True,0.9222286135635428,0.9122270206174592,0.9685170855461096,0.9598298628024832,0.9811218673312208,0.9926235347163443,1.437493615213833,1.3855120830071863,1.6513431594401773,0.5381654969780113,0.5312688829657221,0.5312688829657221,0.5451516386971916,3.7760331756146313,3.6798732404885786,2.006088927250293,1.3955463217496655,5840220.9139046,210,0.0
redundancia_no_lineal_no_detectada,Fwd IAT Mean,Bwd IAT Mean,True,False,True,0.9483157759201748,0.915199571806243,0.9666588227063018,0.95080738664112,0.9770231174806012,0.9930586594021458,1.4220264512941654,1.296050778495391,1.5694946500969194,0.544605963693686,0.5340950877597247,0.5340950877597247,0.5553236913951154,3.6798732404885786,3.539201103388576,1.9654022213234097,1.382113686798671,5721771.852327966,182,0.0
redundancia_no_lineal_no_detectada,Fwd IAT Mean,Fwd Packets/s,False,False,False,0.03017358990112,0.6836196540006475,0.9653069768431296,0.9372355220589424,0.9834669657294092,0.9775148530944494,1.3448124168843774,1.1209537488677672,1.663729073120056,0.4857667035745637,0.4482369075612049,0.5264387789608276,0.4482369075612049,3.6798732404885786,4.321884125949425,1.9372279754534312,1.440519102241445,5639749.655939656,266,0.0
redundancia_no_lineal_no_detectada,Fwd IAT Total,Bwd IAT Max,False,False,False,0.6484049620926803,0.9161108975624094,0.9650821986710276,0.9487565192991272,0.9749158702152824,0.9899632240961056,1.3982958191383683,1.2738223886724054,1.5255136089172583,0.5354613474143329,0.5251560821776106,0.5251560821776106,0.545968835371506,3.6801476172768703,3.539857551043754,1.9326519045243895,1.3821480963272077,5626427.581937717,182,0.0
redundancia_no_lineal_no_detectada,Flow Bytes/s,Flow Packets/s,False,False,True,0.3139022309083327,0.3854168057886564,0.964316194855128,0.947912085018102,0.9771024068917382,0.9922430874994108,1.2674301149322087,1.1664398386579813,1.4316187259755826,0.4558160520199107,0.4436334112709496,0.4683332409157149,0.4436334112709496,4.093836622396378,4.32176595458307,1.9172797731463391,1.5127301699383158,5581675.506421087,323,0.0
redundancia_no_lineal_no_detectada,Flow Bytes/s,Fwd Packets/s,False,False,False,0.343104600218904,0.3841987640782683,0.9633965691299792,0.9467148217405288,0.9758580590307308,0.9910056638333594,1.2557202071105094,1.1551721234175258,1.4073146963758545,0.4515265184759749,0.4394525165136,0.4639322548531257,0.4394525165136,4.093836622396378,4.321884125949425,1.899262855228656,1.5124888844458255,5529223.803309808,323,0.0
redundancia_no_lineal_no_detectada,Flow IAT Std,Bwd IAT Max,False,False,True,0.8857999054051524,0.8982081313199377,0.9622626288794056,0.941226157268308,0.9723384089594868,0.9873610998283768,1.3601907065170438,1.2034999364410446,1.4757968517173814,0.5135810022937531,0.4972604775822333,0.4972604775822333,0.5304371809308662,3.7760331756146313,3.539857551043754,1.8776720602724888,1.3804476469924776,5466367.660425021,195,0.0
redundancia_no_lineal_no_detectada,Flow Bytes/s,Flow IAT Mean,False,False,True,0.0257434378211631,0.4155017174081285,0.9619443167817848,0.9444706334382356,0.9748969840775404,0.9808893268578174,1.2377183081300958,1.134944034376255,1.3898041211129188,0.4449805295000164,0.4330811710578188,0.4572068352694091,0.4330811710578188,4.093836622396378,4.321892087028573,1.8717300862358548,1.512242384992756,5449069.104729291,323,0.0
redundancia_no_lineal_no_detectada,Flow Bytes/s,Bwd Packets/s,False,False,True,0.0156721129687308,0.4354416413513955,0.9615714796530228,0.9425937827614358,0.9757719954692736,0.9930395673762584,1.2328206947419156,1.118094851410452,1.4057423572720764,0.4433418234794362,0.4314869199196603,0.4555224350315603,0.4314869199196603,4.093836622396378,4.321879391390578,1.8648344268553765,1.5126566538094737,5428994.1351793455,323,0.0
redundancia_no_lineal_no_detectada,Flow Packets/s,Fwd IAT Mean,False,False,True,0.0374536762339156,0.6919650124768564,0.961293590933693,0.9350196785621768,0.979198105848956,0.9744153429629744,1.290856603805491,1.1024877416648364,1.5531592087449744,0.4663424730083026,0.4303192545302017,0.4303192545302017,0.5053812950315847,4.32176595458307,3.6798732404885786,1.859739103830192,1.440701545274367,5414160.389929792,266,0.0
redundancia_no_lineal_no_detectada,Fwd IAT Max,Bwd IAT Total,False,False,False,0.6265395360137432,0.9101127271230266,0.9607641373374946,0.9440305643490298,0.9737052657708646,0.9892896193935516,1.3386014654108904,1.2263887575517722,1.5018956991350083,0.5125885954335955,0.5027452460967379,0.5027452460967379,0.5226246696682412,3.680061915617628,3.54008094296978,1.850133633418417,1.3821392559513666,5386196.490411323,182,0.0
redundancia_no_lineal_no_detectada,Bwd Packet Length Min,Packet Length Max,False,False,False,0.3523484522212028,0.1704792008462374,0.9606705055619392,0.9381454806205,0.9844009970976056,0.998404377223722,1.7104863077364538,1.5006302304833334,2.2422586137266483,0.5801223111448577,0.4542791011312723,0.7408262784926155,0.4542791011312723,2.4951176460853897,4.06897151013018,1.848448720150694,1.080656835304815,5381291.291259578,153,0.0
redundancia_no_lineal_no_detectada,Flow IAT Std,Bwd IAT Mean,True,False,True,0.9492676443439289,0.8985283906285844,0.9602127939771964,0.943790978652148,0.9745427547969222,0.988599316131578,1.3331121765330565,1.2275365276388306,1.5173376269040306,0.5033976469562785,0.4873555328472735,0.4873555328472735,0.5199678138065397,3.7760331756146313,3.539201103388576,1.840270660350651,1.38043196420014,5357482.936988445,195,0.0
redundancia_no_lineal_no_detectada,Bwd Packet Length Max,Bwd Packet Length Min,False,False,False,0.3434886392309483,0.1446544939584627,0.9600509822061396,0.9388810565431168,0.9839928574345428,0.998357115927738,1.6976687544851978,1.5209062922462349,2.222074550674746,0.5766161470323923,0.4515026743423185,0.4515026743423185,0.7363991398341052,4.069527364458319,2.4951176460853897,1.8374024883621785,1.0823091863520533,5349132.979115583,153,0.0
redundancia_no_lineal_no_detectada,Flow IAT Std,Fwd IAT Total,False,False,False,0.5579532342417229,0.9078312219857924,0.9596863253202264,0.9480837271133604,0.9718668581651254,0.9875079135395578,1.3120066928985454,1.248721706091677,1.4532193357298764,0.4911719668029948,0.4848956531605038,0.4848956531605038,0.4975295187751804,3.7760331756146313,3.6801476172768703,1.830982073045388,1.395558485300329,5330441.562548887,210,0.0
redundancia_no_lineal_no_detectada,Flow IAT Mean,Fwd IAT Mean,True,False,True,0.91661171270035,0.6533083928507372,0.9591359957142154,0.9339025140406728,0.9790965942945352,0.99670519610329,1.264644682042016,1.0938337547398744,1.5510865342827858,0.4567230228225537,0.4214367211761861,0.4214367211761861,0.4949637966857785,4.321892087028573,3.6798732404885786,1.821404030434626,1.4402496260796458,5302557.512141254,266,0.0
redundancia_no_lineal_no_detectada,Bwd Packet Length Min,Bwd Packet Length Mean,False,False,False,0.2712833811488959,0.0134505235690452,0.9571489399430214,0.9166488659030834,0.9813971737704256,0.998354232162914,1.6528186045202151,1.3069162009006412,2.1355244393479085,0.561037565542576,0.4392736145851226,0.7165537366664332,0.4392736145851226,2.4951176460853897,4.070096207379612,1.787885872724841,1.08171935373624,5204977.8669953365,153,0.0
redundancia_no_lineal_no_detectada,Fwd IAT Mean,Bwd IAT Max,False,False,True,0.7251026971990472,0.9116683157647464,0.9559661233846736,0.9444183736396942,0.9664666057268728,0.9840490655622024,1.2796697716432532,1.2303166869712625,1.3803175037677342,0.4900496221516994,0.480636249467154,0.480636249467154,0.4996473579287007,3.6798732404885786,3.539857551043754,1.7686804728229728,1.382138198475822,5149066.198951521,182,0.0
redundancia_no_lineal_no_detectada,Fwd IAT Total,Bwd IAT Mean,False,False,False,0.4454692868144749,0.912250611784414,0.9550920500120168,0.9422477661363468,0.9651321170135272,0.9905620217791558,1.2696584171988166,1.2095870681536969,1.3608223273090707,0.4862374701394191,0.476835327634916,0.476835327634916,0.4958250021873386,3.6801476172768703,3.539201103388576,1.754824394829072,1.382123231774931,5108727.72971148,182,0.0
redundancia_no_lineal_no_detectada,Fwd IAT Max,Bwd IAT Mean,False,False,False,0.7515781026791002,0.908832700158422,0.9543279955389732,0.9404460709247772,0.9661899805047988,0.9840449556730668,1.261084745997745,1.1931106567557273,1.3762100100254886,0.4829491874900939,0.4736161436562526,0.4736161436562526,0.4924661475784193,3.680061915617628,3.539201103388576,1.742936732891063,1.3820932640907382,5074119.806341427,182,0.0
redundancia_no_lineal_no_detectada,Fwd IAT Mean,Bwd IAT Total,False,False,False,0.4120845973443949,0.9101366588693416,0.9541354010877218,0.9444897170069282,0.9639832933622926,0.9895840044089655,1.2588795775204171,1.2310076268365682,1.344669586215912,0.4820802342868712,0.4728348647596027,0.4728348647596027,0.4915063790996914,3.6798732404885786,3.54008094296978,1.739972365998898,1.3821594988665054,5065489.801317753,182,0.0
redundancia_no_lineal_no_detectada,Flow IAT Std,Bwd IAT Total,False,False,False,0.5459407991995809,0.8944015061824783,0.9537094504277448,0.9380826176836626,0.9661288636428582,0.9814842341114156,1.2557025017372256,1.175515567342688,1.3746099535541882,0.474121500006949,0.4590694000339047,0.4590694000339047,0.4896671325778571,3.7760331756146313,3.54008094296978,1.7334612844375288,1.3804713154902046,5046534.432893997,195,0.0
redundancia_no_lineal_no_detectada,Bwd IAT Max,Bwd IAT Min,False,False,False,0.6436244136363094,0.7084683274525964,0.9529904388443384,0.939402006414788,0.965844169035609,0.9756697657839652,1.2755147601988424,1.205283903353764,1.4048815491263469,0.5131674431926357,0.4866321654269111,0.4866321654269111,0.5411496474382129,3.539857551043754,3.1832387834344984,1.7226085453672246,1.3505202755150274,5014939.425897763,130,0.0
redundancia_no_lineal_no_detectada,Total Length of Fwd Packet,Fwd Header Length,False,False,False,0.0327183905831201,0.5686189119550438,0.9527259001389567,0.9343708111991444,0.9649694147670904,0.9827111803098392,1.240804585541855,1.130307449440582,1.3546439318100514,0.4682667966752942,0.4206881170644011,0.4206881170644011,0.5212264952921735,4.085350413473319,3.297335013694899,1.718658372992363,1.3851160714737614,5003439.497353311,204,0.0
redundancia_no_lineal_no_detectada,Bwd IAT Total,Bwd IAT Min,False,False,False,0.2753436816538369,0.7002556499060177,0.9526292395333994,0.9399895881326074,0.9645747982095072,0.971188235697278,1.2715239187102787,1.210607707397636,1.3862313833885886,0.5115462434276339,0.4850794901118266,0.4850794901118266,0.5394570673449798,3.54008094296978,3.1832387834344984,1.7172206587703756,1.3505217113903545,4999253.955748743,130,0.0
redundancia_no_lineal_no_detectada,Fwd IAT Std,Fwd IAT Max,False,False,False,0.6955924006199721,0.8581192817254799,0.9523722745364112,0.9274435904261616,0.9706762357744144,0.9910286739379616,1.6504251155090035,1.4690925985814711,1.9151178843037315,0.5769227883862763,0.4655935751559928,0.7148722008199558,0.4655935751559928,2.3968104818211486,3.680061915617628,1.7134131840878233,1.0381647540302934,4988169.455471538,126,0.0
redundancia_no_lineal_no_detectada,Total Length of Fwd Packet,Bwd Header Length,False,False,False,0.0264012989185672,0.5853708362626814,0.9522208906894032,0.9317891653391815,0.9620048078922108,0.979362575023378,1.2509458372265407,1.1178152220347817,1.3274868599131875,0.4753638900321008,0.4188575743849703,0.4188575743849703,0.5394932353276781,4.085350413473319,3.171828398665149,1.71117996470007,1.3679089164195228,4981668.001624439,187,0.0
redundancia_no_lineal_no_detectada,Total Length of Fwd Packet,Packet Length Min,False,False,True,0.0323798893706252,0.1718282115520683,0.9517379550935828,0.8916430195822022,0.9792571438279308,0.9939164364761556,1.5602990980069664,1.1129875830057223,2.045595147484768,0.5254882789817272,0.4171255135305771,0.4171255135305771,0.6620020171145332,4.085350413473319,2.5741672156832505,1.7041038891724136,1.092164887712321,4961067.796058462,170,0.0
redundancia_no_lineal_no_detectada,Total Length of Fwd Packet,Fwd Packet Length Min,False,False,True,0.0221245011788408,0.1725661538964772,0.9515255289556148,0.8915670537635169,0.9793455580776076,0.9940859133030108,1.554541234049037,1.1104600914670737,2.0445446574593733,0.5240392020668968,0.4163692650843236,0.4163692650843236,0.6595517689022845,4.085350413473319,2.579045996800042,1.701014349269823,1.0942227275884313,4952073.381449842,170,0.0
redundancia_no_lineal_no_detectada,Fwd Packet Length Min,Fwd Packet Length Mean,False,False,True,0.1956906286750207,0.2827019745461665,0.9513293667015846,0.8981985759229274,0.9819961239453926,0.9943197027433932,1.5534587636448836,1.1535033211882042,2.1330912427958864,0.5232537822246249,0.4158165191161571,0.6584503212963783,0.4158165191161571,2.579045996800042,4.083949499747377,1.6981736652311257,1.0931565774212746,4943803.447795736,170,0.0
redundancia_no_lineal_no_detectada,Flow Duration,Flow Bytes/s,False,False,True,0.0457114896326793,0.3097877914403008,0.951321575159336,0.9314220186639476,0.9685969770914752,0.9820688512884204,1.1228925309134616,1.0305947278859515,1.287859143756292,0.4036961674448044,0.3929040020908399,0.3929040020908399,0.4147847686518209,4.321821786703103,4.093836622396378,1.6980610763190334,1.5122204748638572,4943475.673632714,323,0.0
redundancia_no_lineal_no_detectada,Fwd Packet Length Mean,Packet Length Min,False,False,True,0.0754801337339287,0.2829044130739688,0.9512970791017724,0.8982308230904353,0.981951938799684,0.9942443335508436,1.5542497290041533,1.1551817148010357,2.133956782396247,0.5236055460034535,0.4157023061335586,0.4157023061335586,0.659517072097961,4.083949499747377,2.5741672156832505,1.6977072251779777,1.092300158395872,4942445.525464141,170,0.0
redundancia_no_lineal_no_detectada,Flow Bytes/s,Flow IAT Max,False,False,True,0.0389300404600626,0.3293951986130197,0.9505919748867078,0.928274833453904,0.967757441218342,0.971215743256275,1.1159266526208227,1.0086870633686271,1.2757095694901208,0.4012176740879187,0.3905001993042134,0.4122292953687168,0.3905001993042134,4.093836622396378,4.321635146952657,1.6875993862051062,1.5122852225472658,4913019.106843378,323,0.0
redundancia_no_lineal_no_detectada,Flow Duration,Fwd IAT Max,False,False,False,0.6606962782991601,0.8021655881080682,0.9504906054628574,0.9259391791961252,0.9713444428563232,0.9906298011851764,1.170698042508738,1.035341898701469,1.3993611236219874,0.4228023424305647,0.3901499182803226,0.3901499182803226,0.4581875130275746,4.321821786703103,3.680061915617628,1.686158416904333,1.440301730829748,4908824.088899581,266,0.0
