auc_a,auc_b,diff,family_a,family_b,p_holm,p_value,score,seed,z
0.6759199119674358,0.9175732952949458,-0.24165338332750996,PortScan,DoS_Hulk,0.0,0.0,nll_mu,42,-319.32686317086444
0.6759199119674358,0.969614924875708,-0.29369501290827216,PortScan,DDoS,0.0,0.0,nll_mu,42,-357.6795640591184
0.6759199119674358,0.9511711331927832,-0.2752512212253474,PortScan,DoS_GoldenEye,0.0,0.0,nll_mu,42,-302.41102129715244
0.6759199119674358,0.9410374332603982,-0.2651175212929624,PortScan,DoS_slowloris,0.0,0.0,nll_mu,42,-131.02683399244827
0.6759199119674358,0.9327101404291206,-0.25679022846168476,PortScan,FTP_Patator,0.0,0.0,nll_mu,42,-317.41370889969176
0.6759199119674358,0.9823937024465845,-0.3064737904791487,PortScan,SSH_Patator,0.0,0.0,nll_mu,42,-297.81769725933714
0.6759199119674358,0.9907795666806473,-0.3148596547132114,PortScan,DoS_Slowhttptest,0.0,0.0,nll_mu,42,-324.1578380383463
0.6759199119674358,0.6448343930536798,0.031085518913755994,PortScan,Bot,0.0,0.0,nll_mu,42,8.935055429424118
0.6759199119674358,0.9444346606435061,-0.2685147486760703,PortScan,Web_Attack,0.0,0.0,nll_mu,42,-45.46286669088109
0.6759199119674358,0.9927627172002044,-0.31684280523276853,PortScan,Infiltration,0.0,0.0,nll_mu,42,-152.6963414913059
0.9175732952949458,0.969614924875708,-0.052041629580762194,DoS_Hulk,DDoS,0.0,0.0,nll_mu,42,-149.74714392681864
0.9175732952949458,0.9511711331927832,-0.033597837897837435,DoS_Hulk,DoS_GoldenEye,0.0,0.0,nll_mu,42,-62.29983202898879
0.9175732952949458,0.9410374332603982,-0.023464137965452436,DoS_Hulk,DoS_slowloris,0.0,0.0,nll_mu,42,-12.102746777974488
0.9175732952949458,0.9327101404291206,-0.015136845134174792,DoS_Hulk,FTP_Patator,0.0,0.0,nll_mu,42,-65.6095447695393
0.9175732952949458,0.9823937024465845,-0.06482040715163873,DoS_Hulk,SSH_Patator,0.0,0.0,nll_mu,42,-88.08988099724348
0.9175732952949458,0.9907795666806473,-0.07320627138570146,DoS_Hulk,DoS_Slowhttptest,0.0,0.0,nll_mu,42,-111.65292305876784
0.9175732952949458,0.6448343930536798,0.27273890224126596,DoS_Hulk,Bot,0.0,0.0,nll_mu,42,76.63883474911697
0.9175732952949458,0.9444346606435061,-0.026861365348560318,DoS_Hulk,Web_Attack,3.310973465797673e-05,4.729962093996676e-06,nll_mu,42,-4.576421884673783
0.9175732952949458,0.9927627172002044,-0.07518942190525857,DoS_Hulk,Infiltration,0.0,0.0,nll_mu,42,-38.620827283431694
0.969614924875708,0.9511711331927832,0.01844379168292476,DDoS,DoS_GoldenEye,0.0,0.0,nll_mu,42,36.07208365059891
0.969614924875708,0.9410374332603982,0.028577491615309758,DDoS,DoS_slowloris,0.0,0.0,nll_mu,42,14.992507775222524
0.969614924875708,0.9327101404291206,0.0369047844465874,DDoS,FTP_Patator,0.0,0.0,nll_mu,42,110.43278874055015
0.969614924875708,0.9823937024465845,-0.012778777570876532,DDoS,SSH_Patator,0.0,0.0,nll_mu,42,-20.91187512751552
0.969614924875708,0.9907795666806473,-0.021164641804939266,DDoS,DoS_Slowhttptest,0.0,0.0,nll_mu,42,-42.01210164382224
0.969614924875708,0.6448343930536798,0.32478053182202815,DDoS,Bot,0.0,0.0,nll_mu,42,91.0288177101831
0.969614924875708,0.9444346606435061,0.025180264232201877,DDoS,Web_Attack,0.00010505091206791661,1.750848534465277e-05,nll_mu,42,4.294503330265385
0.969614924875708,0.9927627172002044,-0.023147792324496375,DDoS,Infiltration,0.0,0.0,nll_mu,42,-12.17216986400786
0.9511711331927832,0.9410374332603982,0.010133699932384999,DoS_GoldenEye,DoS_slowloris,2.0787544432465666e-06,2.598443054058208e-07,nll_mu,42,5.1504629181257515
0.9511711331927832,0.9327101404291206,0.018460992763662643,DoS_GoldenEye,FTP_Patator,0.0,0.0,nll_mu,42,33.46420098822161
0.9511711331927832,0.9823937024465845,-0.03122256925380129,DoS_GoldenEye,SSH_Patator,0.0,0.0,nll_mu,42,-39.030048178679074
0.9511711331927832,0.9907795666806473,-0.039608433487864025,DoS_GoldenEye,DoS_Slowhttptest,0.0,0.0,nll_mu,42,-55.151525426380545
0.9511711331927832,0.6448343930536798,0.3063367401391034,DoS_GoldenEye,Bot,0.0,0.0,nll_mu,42,85.29977790921465
0.9511711331927832,0.9444346606435061,0.006736472549277117,DoS_GoldenEye,Web_Attack,0.7564598508192932,0.2521532836064311,nll_mu,42,1.145134892222522
0.9511711331927832,0.9927627172002044,-0.041591584007421134,DoS_GoldenEye,Infiltration,0.0,0.0,nll_mu,42,-21.127755127624287
0.9410374332603982,0.9327101404291206,0.008327292831277644,DoS_slowloris,FTP_Patator,0.00010505091206791661,1.803089232521593e-05,nll_mu,42,4.287975564002543
0.9410374332603982,0.9823937024465845,-0.04135626918618629,DoS_slowloris,SSH_Patator,0.0,0.0,nll_mu,42,-20.773386785637364
0.9410374332603982,0.9907795666806473,-0.049742133420249024,DoS_slowloris,DoS_Slowhttptest,0.0,0.0,nll_mu,42,-25.454556175915542
0.9410374332603982,0.6448343930536798,0.2962030402067184,DoS_slowloris,Bot,0.0,0.0,nll_mu,42,73.74128675710784
0.9410374332603982,0.9444346606435061,-0.0033972273831078814,DoS_slowloris,Web_Attack,0.7564598508192932,0.5813353573246012,nll_mu,42,-0.5514352276702063
0.9410374332603982,0.9927627172002044,-0.05172528393980613,DoS_slowloris,Infiltration,0.0,0.0,nll_mu,42,-19.310084615974993
0.9327101404291206,0.9823937024465845,-0.049683562017463934,FTP_Patator,SSH_Patator,0.0,0.0,nll_mu,42,-67.64743579653909
0.9327101404291206,0.9907795666806473,-0.05806942625152667,FTP_Patator,DoS_Slowhttptest,0.0,0.0,nll_mu,42,-88.70328271882448
0.9327101404291206,0.6448343930536798,0.28787574737544075,FTP_Patator,Bot,0.0,0.0,nll_mu,42,80.66614397167265
0.9327101404291206,0.9444346606435061,-0.011724520214385525,FTP_Patator,Web_Attack,0.18318540677127615,0.04579635169281904,nll_mu,42,-1.9972654754794914
0.9327101404291206,0.9927627172002044,-0.06005257677108378,FTP_Patator,Infiltration,0.0,0.0,nll_mu,42,-30.854083997201386
0.9823937024465845,0.9907795666806473,-0.008385864234062734,SSH_Patator,DoS_Slowhttptest,0.0,0.0,nll_mu,42,-11.120468853915511
0.9823937024465845,0.6448343930536798,0.3375593093929047,SSH_Patator,Bot,0.0,0.0,nll_mu,42,93.25132596046925
0.9823937024465845,0.9444346606435061,0.03795904180307841,SSH_Patator,Web_Attack,1.1955503254057476e-09,1.1955503254057476e-10,nll_mu,42,6.43989644261844
0.9823937024465845,0.9927627172002044,-0.010369014753619843,SSH_Patator,Infiltration,1.5319500907828854e-06,1.7021667675365393e-07,nll_mu,42,-5.229230888405801
0.9907795666806473,0.6448343930536798,0.3459451736269674,DoS_Slowhttptest,Bot,0.0,0.0,nll_mu,42,96.00420515809085
0.9907795666806473,0.9444346606435061,0.04634490603714114,DoS_Slowhttptest,Web_Attack,3.9968028886505635e-14,3.3306690738754696e-15,nll_mu,42,7.877619470384609
0.9907795666806473,0.9927627172002044,-0.0019831505195571086,DoS_Slowhttptest,Infiltration,0.7564598508192932,0.3082197921595049,nll_mu,42,-1.0189645594285954
0.6448343930536798,0.9444346606435061,-0.2996002675898263,Bot,Web_Attack,0.0,0.0,nll_mu,42,-43.72353011548441
0.6448343930536798,0.9927627172002044,-0.3479283241465245,Bot,Infiltration,0.0,0.0,nll_mu,42,-86.0553120947397
0.9444346606435061,0.9927627172002044,-0.04832805655669825,Web_Attack,Infiltration,4.884981308350689e-14,4.440892098500626e-15,nll_mu,42,-7.843050896027816
0.6730005893017572,0.9139578278545093,-0.24095723855275208,PortScan,DoS_Hulk,0.0,0.0,nll_mc,42,-322.6139485699354
0.6730005893017572,0.9682583932161704,-0.29525780391441314,PortScan,DDoS,0.0,0.0,nll_mc,42,-360.9669509144567
0.6730005893017572,0.9504773211887924,-0.27747673188703514,PortScan,DoS_GoldenEye,0.0,0.0,nll_mc,42,-303.56083155673906
0.6730005893017572,0.9409420157543039,-0.2679414264525467,PortScan,DoS_slowloris,0.0,0.0,nll_mc,42,-131.68156079949227
0.6730005893017572,0.9299466288236996,-0.2569460395219424,PortScan,FTP_Patator,0.0,0.0,nll_mc,42,-318.5966984626424
0.6730005893017572,0.9763411113834317,-0.3033405220816745,PortScan,SSH_Patator,0.0,0.0,nll_mc,42,-298.00915505816624
0.6730005893017572,0.990859189166782,-0.31785859986502474,PortScan,DoS_Slowhttptest,0.0,0.0,nll_mc,42,-327.5808184069031
0.6730005893017572,0.6401584130722564,0.03284217622950081,PortScan,Bot,0.0,0.0,nll_mc,42,9.284835520316287
0.6730005893017572,0.9449462686168957,-0.27194567931513847,PortScan,Web_Attack,0.0,0.0,nll_mc,42,-46.62865647526246
0.6730005893017572,0.9927251258242443,-0.3197245365224871,PortScan,Infiltration,0.0,0.0,nll_mc,42,-152.6459908791034
0.9139578278545093,0.9682583932161704,-0.05430056536166106,DoS_Hulk,DDoS,0.0,0.0,nll_mc,42,-155.0650253347588
0.9139578278545093,0.9504773211887924,-0.03651949333428306,DoS_Hulk,DoS_GoldenEye,0.0,0.0,nll_mc,42,-65.97860089455932
0.9139578278545093,0.9409420157543039,-0.02698418789979462,DoS_Hulk,DoS_slowloris,0.0,0.0,nll_mc,42,-13.824501268314672
0.9139578278545093,0.9299466288236996,-0.01598880096919031,DoS_Hulk,FTP_Patator,0.0,0.0,nll_mc,42,-66.57077361810751
0.9139578278545093,0.9763411113834317,-0.06238328352892242,DoS_Hulk,SSH_Patator,0.0,0.0,nll_mc,42,-86.85912028121548
0.9139578278545093,0.990859189166782,-0.07690136131227265,DoS_Hulk,DoS_Slowhttptest,0.0,0.0,nll_mc,42,-116.41462401277037
0.9139578278545093,0.6401584130722564,0.2737994147822529,DoS_Hulk,Bot,0.0,0.0,nll_mc,42,75.75466244938285
0.9139578278545093,0.9449462686168957,-0.030988440762386382,DoS_Hulk,Web_Attack,6.249212793907333e-07,8.927446848439047e-08,nll_mc,42,-5.3473030540369555
0.9139578278545093,0.9927251258242443,-0.07876729796973503,DoS_Hulk,Infiltration,0.0,0.0,nll_mc,42,-39.98741280157597
0.9682583932161704,0.9504773211887924,0.017781072027377998,DDoS,DoS_GoldenEye,0.0,0.0,nll_mc,42,34.00488340161349
0.9682583932161704,0.9409420157543039,0.027316377461866437,DDoS,DoS_slowloris,0.0,0.0,nll_mc,42,14.232501367210837
0.9682583932161704,0.9299466288236996,0.03831176439247075,DDoS,FTP_Patator,0.0,0.0,nll_mc,42,111.15829753826132
0.9682583932161704,0.9763411113834317,-0.00808271816726136,DDoS,SSH_Patator,0.0,0.0,nll_mc,42,-13.543803624213282
0.9682583932161704,0.990859189166782,-0.022600795950611596,DDoS,DoS_Slowhttptest,0.0,0.0,nll_mc,42,-44.4858269089253
0.9682583932161704,0.6401584130722564,0.32809998014391395,DDoS,Bot,0.0,0.0,nll_mc,42,90.52769042046341
0.9682583932161704,0.9449462686168957,0.023312124599274675,DDoS,Web_Attack,0.0002822572909266796,5.645145818533592e-05,nll_mc,42,4.027173162963727
0.9682583932161704,0.9927251258242443,-0.02446673260807397,DDoS,Infiltration,0.0,0.0,nll_mc,42,-12.712411258004327
0.9504773211887924,0.9409420157543039,0.00953530543448844,DoS_GoldenEye,DoS_slowloris,9.098569609733431e-06,1.5164282682889052e-06,nll_mc,42,4.809058500060265
0.9504773211887924,0.9299466288236996,0.02053069236509275,DoS_GoldenEye,FTP_Patator,0.0,0.0,nll_mc,42,36.107741490654554
0.9504773211887924,0.9763411113834317,-0.025863790194639358,DoS_GoldenEye,SSH_Patator,0.0,0.0,nll_mc,42,-32.43178369413081
0.9504773211887924,0.990859189166782,-0.040381867977989594,DoS_GoldenEye,DoS_Slowhttptest,0.0,0.0,nll_mc,42,-55.50373418254213
0.9504773211887924,0.6401584130722564,0.31031890811653595,DoS_GoldenEye,Bot,0.0,0.0,nll_mc,42,85.04214893334353
0.9504773211887924,0.9449462686168957,0.005531052571896677,DoS_GoldenEye,Web_Attack,1.0,0.34104391216005947,nll_mc,42,0.9521046477242802
0.9504773211887924,0.9927251258242443,-0.04224780463545197,DoS_GoldenEye,Infiltration,0.0,0.0,nll_mc,42,-21.19747093425654
0.9409420157543039,0.9299466288236996,0.010995386930604312,DoS_slowloris,FTP_Patator,1.734562513622251e-07,1.927291681802501e-08,nll_mc,42,5.618404233888464
0.9409420157543039,0.9763411113834317,-0.0353990956291278,DoS_slowloris,SSH_Patator,0.0,0.0,nll_mc,42,-17.668314199371217
0.9409420157543039,0.990859189166782,-0.04991717341247803,DoS_slowloris,DoS_Slowhttptest,0.0,0.0,nll_mc,42,-25.38518524241473
0.9409420157543039,0.6401584130722564,0.3007836026820475,DoS_slowloris,Bot,0.0,0.0,nll_mc,42,73.84432142353616
0.9409420157543039,0.9449462686168957,-0.004004252862591762,DoS_slowloris,Web_Attack,1.0,0.511103049892276,nll_mc,42,-0.657121104325069
0.9409420157543039,0.9927251258242443,-0.05178311006994041,DoS_slowloris,Infiltration,0.0,0.0,nll_mc,42,-19.156260702989016
0.9299466288236996,0.9763411113834317,-0.04639448255973211,FTP_Patator,SSH_Patator,0.0,0.0,nll_mc,42,-64.45111481055835
0.9299466288236996,0.990859189166782,-0.060912560343082345,FTP_Patator,DoS_Slowhttptest,0.0,0.0,nll_mc,42,-91.65889441199154
0.9299466288236996,0.6401584130722564,0.2897882157514432,FTP_Patator,Bot,0.0,0.0,nll_mc,42,79.93087179379552
0.9299466288236996,0.9449462686168957,-0.014999639793196073,FTP_Patator,Web_Attack,0.03864510274432931,0.009661275686082327,nll_mc,42,-2.5877225739172864
0.9299466288236996,0.9927251258242443,-0.06277849700054472,FTP_Patator,Infiltration,0.0,0.0,nll_mc,42,-31.852249488897943
0.9763411113834317,0.990859189166782,-0.014518077783350236,SSH_Patator,DoS_Slowhttptest,0.0,0.0,nll_mc,42,-19.124087624084087
0.9763411113834317,0.6401584130722564,0.3361826983111753,SSH_Patator,Bot,0.0,0.0,nll_mc,42,91.5162434457631
0.9763411113834317,0.9449462686168957,0.031394842766536035,SSH_Patator,Web_Attack,5.478136824166313e-07,6.847671030207891e-08,nll_mc,42,5.395122781748477
0.9763411113834317,0.9927251258242443,-0.01638401444081261,SSH_Patator,Infiltration,2.6645352591003757e-15,2.220446049250313e-16,nll_mc,42,-8.166830813728925
0.990859189166782,0.6401584130722564,0.35070077609452555,DoS_Slowhttptest,Bot,0.0,0.0,nll_mc,42,95.83039893579894
0.990859189166782,0.9449462686168957,0.04591292054988627,DoS_Slowhttptest,Web_Attack,2.930988785010413e-14,2.6645352591003757e-15,nll_mc,42,7.904165699158074
0.990859189166782,0.9927251258242443,-0.0018659366574623748,DoS_Slowhttptest,Infiltration,1.0,0.3430456775409563,nll_mc,42,-0.9481645765495347
0.6401584130722564,0.9449462686168957,-0.3047878555446393,Bot,Web_Attack,0.0,0.0,nll_mc,42,-44.699737573562246
0.6401584130722564,0.9927251258242443,-0.3525667127519879,Bot,Infiltration,0.0,0.0,nll_mc,42,-85.9206729817811
0.9449462686168957,0.9927251258242443,-0.047778857207348646,Web_Attack,Infiltration,4.6629367034256575e-14,4.6629367034256575e-15,nll_mc,42,-7.835468549458422
0.6599956467769855,0.9076701640894413,-0.24767451731245582,PortScan,DoS_Hulk,0.0,0.0,neg_elbo,42,-329.2705851783728
0.6599956467769855,0.9698076368507291,-0.3098119900737436,PortScan,DDoS,0.0,0.0,neg_elbo,42,-373.1017037993223
0.6599956467769855,0.9499687700753628,-0.2899731232983773,PortScan,DoS_GoldenEye,0.0,0.0,neg_elbo,42,-310.35031028956337
0.6599956467769855,0.9381468078170975,-0.27815116104011195,PortScan,DoS_slowloris,0.0,0.0,neg_elbo,42,-130.503422266012
0.6599956467769855,0.9212532942435688,-0.2612576474665833,PortScan,FTP_Patator,0.0,0.0,neg_elbo,42,-321.55131827946985
0.6599956467769855,0.9698332015186797,-0.30983755474169417,PortScan,SSH_Patator,0.0,0.0,neg_elbo,42,-295.8911870692316
0.6599956467769855,0.989880330978453,-0.32988468420146744,PortScan,DoS_Slowhttptest,0.0,0.0,neg_elbo,42,-330.764911026531
0.6599956467769855,0.6071045997673176,0.05289104700966796,PortScan,Bot,0.0,0.0,neg_elbo,42,13.501290855098443
0.6599956467769855,0.9399396822849161,-0.27994403550793057,PortScan,Web_Attack,0.0,0.0,neg_elbo,42,-46.02862728597642
0.6599956467769855,0.9919404844283697,-0.33194483765138416,PortScan,Infiltration,0.0,0.0,neg_elbo,42,-148.08743007064342
0.9076701640894413,0.9698076368507291,-0.06213747276128778,DoS_Hulk,DDoS,0.0,0.0,neg_elbo,42,-163.6664305395791
0.9076701640894413,0.9499687700753628,-0.0422986059859215,DoS_Hulk,DoS_GoldenEye,0.0,0.0,neg_elbo,42,-72.70821526820481
0.9076701640894413,0.9381468078170975,-0.030476643727656128,DoS_Hulk,DoS_slowloris,0.0,0.0,neg_elbo,42,-14.84825556592566
0.9076701640894413,0.9212532942435688,-0.013583130154127487,DoS_Hulk,FTP_Patator,0.0,0.0,neg_elbo,42,-56.19811195538658
0.9076701640894413,0.9698332015186797,-0.062163037429238344,DoS_Hulk,SSH_Patator,0.0,0.0,neg_elbo,42,-82.64737091045936
0.9076701640894413,0.989880330978453,-0.08221016688901162,DoS_Hulk,DoS_Slowhttptest,0.0,0.0,neg_elbo,42,-117.72679997043737
0.9076701640894413,0.6071045997673176,0.3005655643221238,DoS_Hulk,Bot,0.0,0.0,neg_elbo,42,75.37214308646593
0.9076701640894413,0.9399396822849161,-0.032269518195474745,DoS_Hulk,Web_Attack,7.544330493658435e-07,9.430413117073044e-08,neg_elbo,42,-5.337370654958499
0.9076701640894413,0.9919404844283697,-0.08427032033892834,DoS_Hulk,Infiltration,0.0,0.0,neg_elbo,42,-39.65655637591407
0.9698076368507291,0.9499687700753628,0.019838866775366282,DDoS,DoS_GoldenEye,0.0,0.0,neg_elbo,42,36.64909266653908
0.9698076368507291,0.9381468078170975,0.031660829033631654,DDoS,DoS_slowloris,0.0,0.0,neg_elbo,42,15.69047207792919
0.9698076368507291,0.9212532942435688,0.048554342607160295,DDoS,FTP_Patator,0.0,0.0,neg_elbo,42,122.76363650560884
0.9698076368507291,0.9698332015186797,-2.556466795056167e-05,DDoS,SSH_Patator,1.0,0.9680416258792901,neg_elbo,42,-0.04006459793937933
0.9698076368507291,0.989880330978453,-0.020072694127723834,DDoS,DoS_Slowhttptest,0.0,0.0,neg_elbo,42,-37.37789785281363
0.9698076368507291,0.6071045997673176,0.36270303708341156,DDoS,Bot,0.0,0.0,neg_elbo,42,90.75614680776971
0.9698076368507291,0.9399396822849161,0.029867954565813037,DDoS,Web_Attack,5.333023790798919e-06,7.618605415427027e-07,neg_elbo,42,4.944892091077877
0.9698076368507291,0.9919404844283697,-0.022132847577640558,DDoS,Infiltration,0.0,0.0,neg_elbo,42,-10.649875302600089
0.9499687700753628,0.9381468078170975,0.011821962258265373,DoS_GoldenEye,DoS_slowloris,1.2604980259567355e-07,1.4005533621741506e-08,neg_elbo,42,5.673321122264232
0.9499687700753628,0.9212532942435688,0.028715475831794013,DoS_GoldenEye,FTP_Patator,0.0,0.0,neg_elbo,42,47.74934151116799
0.9499687700753628,0.9698332015186797,-0.019864431443316843,DoS_GoldenEye,SSH_Patator,0.0,0.0,neg_elbo,42,-23.690496517059298
0.9499687700753628,0.989880330978453,-0.039911560903090115,DoS_GoldenEye,DoS_Slowhttptest,0.0,0.0,neg_elbo,42,-52.23045001534181
0.9499687700753628,0.6071045997673176,0.3428641703080453,DoS_GoldenEye,Bot,0.0,0.0,neg_elbo,42,85.25740275956632
0.9499687700753628,0.9399396822849161,0.010029087790446756,DoS_GoldenEye,Web_Attack,0.3919528815367954,0.09798822038419885,neg_elbo,42,1.654685940856665
0.9499687700753628,0.9919404844283697,-0.04197171435300684,DoS_GoldenEye,Infiltration,0.0,0.0,neg_elbo,42,-19.54533537858763
0.9381468078170975,0.9212532942435688,0.01689351357352864,DoS_slowloris,FTP_Patator,2.6645352591003757e-15,2.220446049250313e-16,neg_elbo,42,8.197574164341097
0.9381468078170975,0.9698332015186797,-0.031686393701582216,DoS_slowloris,SSH_Patator,0.0,0.0,neg_elbo,42,-14.979293670784587
0.9381468078170975,0.989880330978453,-0.05173352316135549,DoS_slowloris,DoS_Slowhttptest,0.0,0.0,neg_elbo,42,-24.95088293839715
0.9381468078170975,0.6071045997673176,0.3310422080497799,DoS_slowloris,Bot,0.0,0.0,neg_elbo,42,74.37087344864138
0.9381468078170975,0.9399396822849161,-0.001792874467818617,DoS_slowloris,Web_Attack,1.0,0.778155049782697,neg_elbo,42,-0.2817241309980314
0.9381468078170975,0.9919404844283697,-0.05379367661127221,DoS_slowloris,Infiltration,0.0,0.0,neg_elbo,42,-18.64583386216382
0.9212532942435688,0.9698332015186797,-0.048579907275110856,FTP_Patator,SSH_Patator,0.0,0.0,neg_elbo,42,-63.68704733930969
0.9212532942435688,0.989880330978453,-0.06862703673488413,FTP_Patator,DoS_Slowhttptest,0.0,0.0,neg_elbo,42,-96.16288844624778
0.9212532942435688,0.6071045997673176,0.31414869447625127,FTP_Patator,Bot,0.0,0.0,neg_elbo,42,78.57407673212869
0.9212532942435688,0.9399396822849161,-0.018686388041347257,FTP_Patator,Web_Attack,0.01002218649378439,0.002004437298756878,neg_elbo,42,-3.089574054170318
0.9212532942435688,0.9919404844283697,-0.07068719018480085,FTP_Patator,Infiltration,0.0,0.0,neg_elbo,42,-33.188064411588314
0.9698332015186797,0.989880330978453,-0.020047129459773272,SSH_Patator,DoS_Slowhttptest,0.0,0.0,neg_elbo,42,-24.21030360869817
0.9698332015186797,0.6071045997673176,0.3627286017513621,SSH_Patator,Bot,0.0,0.0,neg_elbo,42,89.63649973186662
0.9698332015186797,0.9399396822849161,0.0298935192337636,SSH_Patator,Web_Attack,5.333023790798919e-06,8.585416213513497e-07,neg_elbo,42,4.921566630076293
0.9698332015186797,0.9919404844283697,-0.022107282909689996,SSH_Patator,Infiltration,0.0,0.0,neg_elbo,42,-10.176728847468013
0.989880330978453,0.6071045997673176,0.3827757312111354,DoS_Slowhttptest,Bot,0.0,0.0,neg_elbo,42,94.92876015896968
0.989880330978453,0.9399396822849161,0.04994064869353687,DoS_Slowhttptest,Web_Attack,2.6645352591003757e-15,2.220446049250313e-16,neg_elbo,42,8.237219123991418
0.989880330978453,0.9919404844283697,-0.002060153449916724,DoS_Slowhttptest,Infiltration,1.0,0.33336151345526277,neg_elbo,42,-0.9673651737719453
0.6071045997673176,0.9399396822849161,-0.3328350825175985,Bot,Web_Attack,0.0,0.0,neg_elbo,42,-46.02657706201062
0.6071045997673176,0.9919404844283697,-0.3848358846610521,Bot,Infiltration,0.0,0.0,neg_elbo,42,-85.43877781601435
0.9399396822849161,0.9919404844283697,-0.052000802143453595,Web_Attack,Infiltration,4.440892098500626e-15,4.440892098500626e-16,neg_elbo,42,-8.142707217265505
0.7414394822990903,0.8318091968690209,-0.09036971456993059,PortScan,DoS_Hulk,0.0,0.0,mse,42,-195.36296865731904
0.7414394822990903,0.8372966100761563,-0.09585712777706601,PortScan,DDoS,0.0,0.0,mse,42,-207.77554642117778
0.7414394822990903,0.8560348651627988,-0.11459538286370852,PortScan,DoS_GoldenEye,0.0,0.0,mse,42,-142.7678932029546
0.7414394822990903,0.8972758007387448,-0.1558363184396545,PortScan,DoS_slowloris,0.0,0.0,mse,42,-99.4779033925392
0.7414394822990903,0.8089972577347764,-0.06755777543568608,PortScan,FTP_Patator,0.0,0.0,mse,42,-134.05025461437685
0.7414394822990903,0.7986639324137655,-0.05722445011467525,PortScan,SSH_Patator,0.0,0.0,mse,42,-110.29291592217345
0.7414394822990903,0.9349925403689076,-0.19355305806981726,PortScan,DoS_Slowhttptest,0.0,0.0,mse,42,-83.88848588177834
0.7414394822990903,0.6293844550806257,0.11205502721846461,PortScan,Bot,0.0,0.0,mse,42,33.186224500962865
0.7414394822990903,0.8070500114448237,-0.0656105291457334,PortScan,Web_Attack,0.0,0.0,mse,42,-37.94382953235326
0.7414394822990903,0.9324880260781055,-0.19104854377901526,PortScan,Infiltration,0.0,0.0,mse,42,-14.160558949632224
0.8318091968690209,0.8372966100761563,-0.0054874132071354165,DoS_Hulk,DDoS,0.0,0.0,mse,42,-51.931162132437606
0.8318091968690209,0.8560348651627988,-0.024225668293777924,DoS_Hulk,DoS_GoldenEye,0.0,0.0,mse,42,-35.56859183320957
0.8318091968690209,0.8972758007387448,-0.06546660386972392,DoS_Hulk,DoS_slowloris,0.0,0.0,mse,42,-42.80912601825932
0.8318091968690209,0.8089972577347764,0.022811939134244508,DoS_Hulk,FTP_Patator,0.0,0.0,mse,42,94.04930862919741
0.8318091968690209,0.7986639324137655,0.03314526445525534,DoS_Hulk,SSH_Patator,0.0,0.0,mse,42,102.55210623489903
0.8318091968690209,0.9349925403689076,-0.10318334349988667,DoS_Hulk,DoS_Slowhttptest,0.0,0.0,mse,42,-45.150526956557506
0.8318091968690209,0.6293844550806257,0.2024247417883952,DoS_Hulk,Bot,0.0,0.0,mse,42,59.16610070544739
0.8318091968690209,0.8070500114448237,0.024759185424197194,DoS_Hulk,Web_Attack,0.0,0.0,mse,42,14.748250562719251
0.8318091968690209,0.9324880260781055,-0.10067882920908466,DoS_Hulk,Infiltration,5.828670879282072e-13,8.326672684688674e-14,mse,42,-7.464924287084171
0.8372966100761563,0.8560348651627988,-0.018738255086642508,DDoS,DoS_GoldenEye,0.0,0.0,mse,42,-27.684467705409517
0.8372966100761563,0.8972758007387448,-0.0599791906625885,DDoS,DoS_slowloris,0.0,0.0,mse,42,-39.35463734284908
0.8372966100761563,0.8089972577347764,0.028299352341379924,DDoS,FTP_Patator,0.0,0.0,mse,42,104.22594957187255
0.8372966100761563,0.7986639324137655,0.03863267766239076,DDoS,SSH_Patator,0.0,0.0,mse,42,113.55889265960711
0.8372966100761563,0.9349925403689076,-0.09769593029275125,DDoS,DoS_Slowhttptest,0.0,0.0,mse,42,-42.82809911032867
0.8372966100761563,0.6293844550806257,0.20791215499553062,DDoS,Bot,0.0,0.0,mse,42,60.77114991772535
0.8372966100761563,0.8070500114448237,0.03024659863133261,DDoS,Web_Attack,0.0,0.0,mse,42,17.98461546646014
0.8372966100761563,0.9324880260781055,-0.09519141600194925,DDoS,Infiltration,1.0099920899619974e-11,1.6833201499366623e-12,mse,42,-7.058490466174493
0.8560348651627988,0.8972758007387448,-0.04124093557594599,DoS_GoldenEye,DoS_slowloris,0.0,0.0,mse,42,-25.0687192388881
0.8560348651627988,0.8089972577347764,0.04703760742802243,DoS_GoldenEye,FTP_Patator,0.0,0.0,mse,42,64.81559412029803
0.8560348651627988,0.7986639324137655,0.057370932749033265,DoS_GoldenEye,SSH_Patator,0.0,0.0,mse,42,76.81561571100484
0.8560348651627988,0.9349925403689076,-0.07895767520610875,DoS_GoldenEye,DoS_Slowhttptest,0.0,0.0,mse,42,-33.49136042703397
0.8560348651627988,0.6293844550806257,0.22665041008217313,DoS_GoldenEye,Bot,0.0,0.0,mse,42,65.12943611538985
0.8560348651627988,0.8070500114448237,0.04898485371797512,DoS_GoldenEye,Web_Attack,0.0,0.0,mse,42,27.07055144329967
0.8560348651627988,0.9324880260781055,-0.07645316091530674,DoS_GoldenEye,Infiltration,7.422091385933527e-08,1.4844182771867054e-08,mse,42,-5.663354750205096
0.8972758007387448,0.8089972577347764,0.08827854300396842,DoS_slowloris,FTP_Patator,0.0,0.0,mse,42,56.8546693576976
0.8972758007387448,0.7986639324137655,0.09861186832497926,DoS_slowloris,SSH_Patator,0.0,0.0,mse,42,63.147802282701626
0.8972758007387448,0.9349925403689076,-0.037716739630162754,DoS_slowloris,DoS_Slowhttptest,0.0,0.0,mse,42,-14.068389069193389
0.8972758007387448,0.6293844550806257,0.2678913456581191,DoS_slowloris,Bot,0.0,0.0,mse,42,71.99238777297482
0.8972758007387448,0.8070500114448237,0.09022578929392111,DoS_slowloris,Web_Attack,0.0,0.0,mse,42,39.77233260890195
0.8972758007387448,0.9324880260781055,-0.03521222533936075,DoS_slowloris,Infiltration,0.02824712195306245,0.009415707317687483,mse,42,-2.596579647948671
0.8089972577347764,0.7986639324137655,0.010333325321010833,FTP_Patator,SSH_Patator,0.0,0.0,mse,42,46.228326377763494
0.8089972577347764,0.9349925403689076,-0.12599528263413118,FTP_Patator,DoS_Slowhttptest,0.0,0.0,mse,42,-54.76239614478979
0.8089972577347764,0.6293844550806257,0.1796128026541507,FTP_Patator,Bot,0.0,0.0,mse,42,52.52559819183193
0.8089972577347764,0.8070500114448237,0.0019472462899526866,FTP_Patator,Web_Attack,0.4896191263646732,0.2448095631823366,mse,42,1.1630491459324148
0.8089972577347764,0.9324880260781055,-0.12349076834332917,FTP_Patator,Infiltration,0.0,0.0,mse,42,-9.154187230954221
0.7986639324137655,0.9349925403689076,-0.136328607955142,SSH_Patator,DoS_Slowhttptest,0.0,0.0,mse,42,-59.11295695328289
0.7986639324137655,0.6293844550806257,0.16927947733313986,SSH_Patator,Bot,0.0,0.0,mse,42,49.531741749147116
0.7986639324137655,0.8070500114448237,-0.008386079031058147,SSH_Patator,Web_Attack,2.2635446681462668e-06,5.658861670365667e-07,mse,42,-5.002510098662961
0.7986639324137655,0.9324880260781055,-0.13382409366434,SSH_Patator,Infiltration,0.0,0.0,mse,42,-9.919308151421692
0.9349925403689076,0.6293844550806257,0.30560808528828187,DoS_Slowhttptest,Bot,0.0,0.0,mse,42,74.82800803176939
0.9349925403689076,0.8070500114448237,0.12794252892408386,DoS_Slowhttptest,Web_Attack,0.0,0.0,mse,42,45.16038235343618
0.9349925403689076,0.9324880260781055,0.002504514290802007,DoS_Slowhttptest,Infiltration,0.8545468795507012,0.8545468795507012,mse,42,0.1833200803292324
0.6293844550806257,0.8070500114448237,-0.177665556364198,Bot,Web_Attack,0.0,0.0,mse,42,-46.789997664212834
0.6293844550806257,0.9324880260781055,-0.30310357099747987,Bot,Infiltration,0.0,0.0,mse,42,-21.79450655782147
0.8070500114448237,0.9324880260781055,-0.12543801463328186,Web_Attack,Infiltration,0.0,0.0,mse,42,-9.229445981129622
0.7636206599971321,0.8487502579319426,-0.08512959793481045,PortScan,DoS_Hulk,0.0,0.0,latent_maha,42,-205.82347563929844
0.7636206599971321,0.9715528365784034,-0.20793217658127128,PortScan,DDoS,0.0,0.0,latent_maha,42,-278.75106140671363
0.7636206599971321,0.8920055040726143,-0.12838484407548212,PortScan,DoS_GoldenEye,0.0,0.0,latent_maha,42,-98.04361254063566
0.7636206599971321,0.9198865128564798,-0.1562658528593477,PortScan,DoS_slowloris,0.0,0.0,latent_maha,42,-69.76935140611268
0.7636206599971321,0.5467134104550141,0.21690724954211804,PortScan,FTP_Patator,0.0,0.0,latent_maha,42,273.732201321325
0.7636206599971321,0.40953971732432826,0.3540809426728039,PortScan,SSH_Patator,0.0,0.0,latent_maha,42,341.46029147496654
0.7636206599971321,0.9079462349693561,-0.14432557497222398,PortScan,DoS_Slowhttptest,0.0,0.0,latent_maha,42,-78.90405444336754
0.7636206599971321,0.533058457925554,0.23056220207157818,PortScan,Bot,0.0,0.0,latent_maha,42,49.24907620209742
0.7636206599971321,0.836566137847344,-0.07294547785021188,PortScan,Web_Attack,6.032710331282942e-09,5.027258609402452e-10,latent_maha,42,-6.218251359547517
0.7636206599971321,0.9151391660397246,-0.15151850604259243,PortScan,Infiltration,0.0,0.0,latent_maha,42,-10.028402367814076
0.8487502579319426,0.9715528365784034,-0.12280257864646082,DoS_Hulk,DDoS,0.0,0.0,latent_maha,42,-237.7856648423123
0.8487502579319426,0.8920055040726143,-0.043255246140671666,DoS_Hulk,DoS_GoldenEye,0.0,0.0,latent_maha,42,-34.94454074465198
0.8487502579319426,0.9198865128564798,-0.07113625492453723,DoS_Hulk,DoS_slowloris,0.0,0.0,latent_maha,42,-32.387393236400314
0.8487502579319426,0.5467134104550141,0.3020368474769285,DoS_Hulk,FTP_Patator,0.0,0.0,latent_maha,42,358.4221587352806
0.8487502579319426,0.40953971732432826,0.43921054060761433,DoS_Hulk,SSH_Patator,0.0,0.0,latent_maha,42,425.9469414387422
0.8487502579319426,0.9079462349693561,-0.05919597703741353,DoS_Hulk,DoS_Slowhttptest,0.0,0.0,latent_maha,42,-33.50439582607476
0.8487502579319426,0.533058457925554,0.31569180000638863,DoS_Hulk,Bot,0.0,0.0,latent_maha,42,67.38782229239061
0.8487502579319426,0.836566137847344,0.012184120084598571,DoS_Hulk,Web_Attack,0.896290773539365,0.29876359117978835,latent_maha,42,1.0390884734351222
0.8487502579319426,0.9151391660397246,-0.06638890810778197,DoS_Hulk,Infiltration,9.923414496326721e-05,1.102601610702969e-05,latent_maha,42,-4.396007430384564
0.9715528365784034,0.8920055040726143,0.07954733250578916,DDoS,DoS_GoldenEye,0.0,0.0,latent_maha,42,64.38664999007544
0.9715528365784034,0.9198865128564798,0.05166632372192359,DDoS,DoS_slowloris,0.0,0.0,latent_maha,42,23.87125356737405
0.9715528365784034,0.5467134104550141,0.4248394261233893,DDoS,FTP_Patator,0.0,0.0,latent_maha,42,441.52310409577916
0.9715528365784034,0.40953971732432826,0.5620131192540752,DDoS,SSH_Patator,0.0,0.0,latent_maha,42,525.636442590796
0.9715528365784034,0.9079462349693561,0.0636066016090473,DDoS,DoS_Slowhttptest,0.0,0.0,latent_maha,42,35.950041479237534
0.9715528365784034,0.533058457925554,0.43849437865284946,DDoS,Bot,0.0,0.0,latent_maha,42,93.29831521295131
0.9715528365784034,0.836566137847344,0.1349866987310594,DDoS,Web_Attack,0.0,0.0,latent_maha,42,11.511071856224845
0.9715528365784034,0.9151391660397246,0.05641367053867885,DDoS,Infiltration,0.0011228310841864264,0.00018713851403107107,latent_maha,42,3.7357742307069675
0.8920055040726143,0.9198865128564798,-0.02788100878386557,DoS_GoldenEye,DoS_slowloris,0.0,0.0,latent_maha,42,-11.260047911626966
0.8920055040726143,0.5467134104550141,0.34529209361760016,DoS_GoldenEye,FTP_Patator,0.0,0.0,latent_maha,42,236.4928500441211
0.8920055040726143,0.40953971732432826,0.482465786748286,DoS_GoldenEye,SSH_Patator,0.0,0.0,latent_maha,42,309.1944808928812
0.8920055040726143,0.9079462349693561,-0.01594073089674186,DoS_GoldenEye,DoS_Slowhttptest,7.367439991412539e-13,5.262457136723242e-14,latent_maha,42,-7.525251385413769
0.8920055040726143,0.533058457925554,0.3589470461470603,DoS_GoldenEye,Bot,0.0,0.0,latent_maha,42,74.29544207339131
0.8920055040726143,0.836566137847344,0.05543936622527024,DoS_GoldenEye,Web_Attack,2.5426021958985245e-05,2.5426021958985245e-06,latent_maha,42,4.704683394159984
0.8920055040726143,0.9151391660397246,-0.02313366196711031,DoS_GoldenEye,Infiltration,0.5067379506833278,0.12668448767083196,latent_maha,42,-1.5273078126685213
0.9198865128564798,0.5467134104550141,0.37317310240146573,DoS_slowloris,FTP_Patator,0.0,0.0,latent_maha,42,161.17440013222648
0.9198865128564798,0.40953971732432826,0.5103467955321516,DoS_slowloris,SSH_Patator,0.0,0.0,latent_maha,42,215.41001776627658
0.9198865128564798,0.9079462349693561,0.011940277887123707,DoS_slowloris,DoS_Slowhttptest,0.00014216407734934933,1.7770509668668666e-05,latent_maha,42,4.291206334937646
0.9198865128564798,0.533058457925554,0.38682805493092587,DoS_slowloris,Bot,0.0,0.0,latent_maha,42,75.0855871345428
0.9198865128564798,0.836566137847344,0.0833203750091358,DoS_slowloris,Web_Attack,3.579359031391505e-11,2.7533531010703882e-12,latent_maha,42,6.989775845243449
0.9198865128564798,0.9151391660397246,0.00474734681675526,DoS_slowloris,Infiltration,1.0,0.7556143043461732,latent_maha,42,0.31124509380828236
0.5467134104550141,0.40953971732432826,0.13717369313068584,FTP_Patator,SSH_Patator,0.0,0.0,latent_maha,42,165.06143794174554
0.5467134104550141,0.9079462349693561,-0.361232824514342,FTP_Patator,DoS_Slowhttptest,0.0,0.0,latent_maha,42,-185.16772567867864
0.5467134104550141,0.533058457925554,0.01365495252946014,FTP_Patator,Bot,0.01602691328444039,0.0032053826568880783,latent_maha,42,2.947322933431243
0.5467134104550141,0.836566137847344,-0.2898527273923299,FTP_Patator,Web_Attack,0.0,0.0,latent_maha,42,-24.68116689643739
0.5467134104550141,0.9151391660397246,-0.36842575558471047,FTP_Patator,Infiltration,0.0,0.0,latent_maha,42,-24.361170226805616
0.40953971732432826,0.9079462349693561,-0.49840651764502786,SSH_Patator,DoS_Slowhttptest,0.0,0.0,latent_maha,42,-246.43647957909124
0.40953971732432826,0.533058457925554,-0.1235187406012257,SSH_Patator,Bot,0.0,0.0,latent_maha,42,-26.45718453811437
0.40953971732432826,0.836566137847344,-0.42702642052301576,SSH_Patator,Web_Attack,0.0,0.0,latent_maha,42,-36.318769669428974
0.40953971732432826,0.9151391660397246,-0.5055994487153963,SSH_Patator,Infiltration,0.0,0.0,latent_maha,42,-33.410991813804706
0.9079462349693561,0.533058457925554,0.37488777704380216,DoS_Slowhttptest,Bot,0.0,0.0,latent_maha,42,74.97010597690861
0.9079462349693561,0.836566137847344,0.0713800971220121,DoS_Slowhttptest,Web_Attack,1.889692979872848e-08,1.7179027089753163e-09,latent_maha,42,6.022455814734014
0.9079462349693561,0.9151391660397246,-0.007192931070368447,DoS_Slowhttptest,Infiltration,1.0,0.6360336152294255,latent_maha,42,-0.47325170223891017
0.533058457925554,0.836566137847344,-0.30350767992179006,Bot,Web_Attack,0.0,0.0,latent_maha,42,-24.059555269986614
0.533058457925554,0.9151391660397246,-0.3820807081141706,Bot,Infiltration,0.0,0.0,latent_maha,42,-24.16891175409097
0.836566137847344,0.9151391660397246,-0.07857302819238055,Web_Attack,Infiltration,0.00027644951708238885,3.949278815462698e-05,latent_maha,42,-4.1104271412102
