group,metric,seed,value
PortScan,posterior_mahalanobis_mean,42,3.4762227227382376
PortScan,posterior_mahalanobis_median,42,3.4317989179114576
PortScan,posterior_mahalanobis_p25,42,3.2966657410309343
PortScan,posterior_mahalanobis_p75,42,3.570414057667139
DoS_Hulk,posterior_mahalanobis_mean,42,4.044653660922197
DoS_Hulk,posterior_mahalanobis_median,42,3.642459167801783
DoS_Hulk,posterior_mahalanobis_p25,42,3.409813726560647
DoS_Hulk,posterior_mahalanobis_p75,42,4.4425068701349995
DDoS,posterior_mahalanobis_mean,42,6.154908615772548
DDoS,posterior_mahalanobis_median,42,6.064515778182917
DDoS,posterior_mahalanobis_p25,42,5.186015430772265
DDoS,posterior_mahalanobis_p75,42,7.096179107620033
DoS_GoldenEye,posterior_mahalanobis_mean,42,4.7195114642638
DoS_GoldenEye,posterior_mahalanobis_median,42,4.362652836992112
DoS_GoldenEye,posterior_mahalanobis_p25,42,3.528772251406499
DoS_GoldenEye,posterior_mahalanobis_p75,42,5.665459807699865
DoS_slowloris,posterior_mahalanobis_mean,42,6.753232204678038
DoS_slowloris,posterior_mahalanobis_median,42,6.529806396798281
DoS_slowloris,posterior_mahalanobis_p25,42,3.8165852852231845
DoS_slowloris,posterior_mahalanobis_p75,42,8.9699214284969
FTP_Patator,posterior_mahalanobis_mean,42,2.7912780782779705
FTP_Patator,posterior_mahalanobis_median,42,2.7808412852423205
FTP_Patator,posterior_mahalanobis_p25,42,2.6644564736180008
FTP_Patator,posterior_mahalanobis_p75,42,2.9116271957199986
SSH_Patator,posterior_mahalanobis_mean,42,2.245518106289504
SSH_Patator,posterior_mahalanobis_median,42,2.234186220697718
SSH_Patator,posterior_mahalanobis_p25,42,2.132272402399495
SSH_Patator,posterior_mahalanobis_p75,42,2.3355868956370087
DoS_Slowhttptest,posterior_mahalanobis_mean,42,5.35363624883447
DoS_Slowhttptest,posterior_mahalanobis_median,42,4.026745551897557
DoS_Slowhttptest,posterior_mahalanobis_p25,42,3.8386632788434643
DoS_Slowhttptest,posterior_mahalanobis_p75,42,6.216551198540968
Bot,posterior_mahalanobis_mean,42,3.198583428095137
Bot,posterior_mahalanobis_median,42,2.8040236819638533
Bot,posterior_mahalanobis_p25,42,2.685933447991811
Bot,posterior_mahalanobis_p75,42,2.949556068926869
Web_Attack,posterior_mahalanobis_mean,42,4.0925082937044905
Web_Attack,posterior_mahalanobis_median,42,3.9740482896575977
Web_Attack,posterior_mahalanobis_p25,42,3.0539882087233097
Web_Attack,posterior_mahalanobis_p75,42,5.192107379601692
Infiltration,posterior_mahalanobis_mean,42,35.732994828407804
Infiltration,posterior_mahalanobis_median,42,4.559651368199145
Infiltration,posterior_mahalanobis_p25,42,3.564170307743257
Infiltration,posterior_mahalanobis_p75,42,27.193300621295815
DoS_Hulk_attempted,posterior_mahalanobis_mean,42,5.3845898232258
DoS_Hulk_attempted,posterior_mahalanobis_median,42,5.766687614783182
DoS_Hulk_attempted,posterior_mahalanobis_p25,42,3.7997060560369467
DoS_Hulk_attempted,posterior_mahalanobis_p75,42,6.3498980486135075
DoS_GoldenEye_attempted,posterior_mahalanobis_mean,42,3.5019779585197357
DoS_GoldenEye_attempted,posterior_mahalanobis_median,42,3.4564518987994846
DoS_GoldenEye_attempted,posterior_mahalanobis_p25,42,3.312801402232922
DoS_GoldenEye_attempted,posterior_mahalanobis_p75,42,3.5787161482231675
DoS_slowloris_attempted,posterior_mahalanobis_mean,42,4.217793799108541
DoS_slowloris_attempted,posterior_mahalanobis_median,42,4.253192044339162
DoS_slowloris_attempted,posterior_mahalanobis_p25,42,4.160390884856988
DoS_slowloris_attempted,posterior_mahalanobis_p75,42,4.342437171410249
DoS_Slowhttptest_attempted,posterior_mahalanobis_mean,42,5.256693610866727
DoS_Slowhttptest_attempted,posterior_mahalanobis_median,42,5.580986204630986
DoS_Slowhttptest_attempted,posterior_mahalanobis_p25,42,5.466270751784792
DoS_Slowhttptest_attempted,posterior_mahalanobis_p75,42,5.668032274710686
Bot_attempted,posterior_mahalanobis_mean,42,3.5503634967854474
Bot_attempted,posterior_mahalanobis_median,42,3.542759408335691
Bot_attempted,posterior_mahalanobis_p25,42,3.429934156898928
Bot_attempted,posterior_mahalanobis_p75,42,3.663142694232071
WebAttack_BruteForce,posterior_mahalanobis_mean,42,4.156270967354458
WebAttack_BruteForce,posterior_mahalanobis_median,42,3.9759132138651267
WebAttack_BruteForce,posterior_mahalanobis_p25,42,3.060945434683523
WebAttack_BruteForce,posterior_mahalanobis_p75,42,5.274491392572283
WebAttack_BruteForce_attempted,posterior_mahalanobis_mean,42,2.9206289135736765
WebAttack_BruteForce_attempted,posterior_mahalanobis_median,42,2.9016102240535346
WebAttack_BruteForce_attempted,posterior_mahalanobis_p25,42,2.812540869251111
WebAttack_BruteForce_attempted,posterior_mahalanobis_p75,42,3.0115991846491497
PortScan,posterior_mahalanobis_mean,0,3.6140131735238983
PortScan,posterior_mahalanobis_median,0,3.573597968722667
PortScan,posterior_mahalanobis_p25,0,3.397410817272409
PortScan,posterior_mahalanobis_p75,0,3.7675784221871074
DoS_Hulk,posterior_mahalanobis_mean,0,4.422429632767921
DoS_Hulk,posterior_mahalanobis_median,0,4.200881517035263
DoS_Hulk,posterior_mahalanobis_p25,0,3.8988671580601504
DoS_Hulk,posterior_mahalanobis_p75,0,4.746202332693544
DDoS,posterior_mahalanobis_mean,0,4.83848892966833
DDoS,posterior_mahalanobis_median,0,4.68770901483041
DDoS,posterior_mahalanobis_p25,0,4.108833235602533
DDoS,posterior_mahalanobis_p75,0,5.432156273496743
DoS_GoldenEye,posterior_mahalanobis_mean,0,5.06525554750492
DoS_GoldenEye,posterior_mahalanobis_median,0,4.869078611432062
DoS_GoldenEye,posterior_mahalanobis_p25,0,4.0962230078117905
DoS_GoldenEye,posterior_mahalanobis_p75,0,5.94781895801823
DoS_slowloris,posterior_mahalanobis_mean,0,6.384707041141335
DoS_slowloris,posterior_mahalanobis_median,0,6.717388660106886
DoS_slowloris,posterior_mahalanobis_p25,0,4.379903179389707
DoS_slowloris,posterior_mahalanobis_p75,0,7.958923927111225
FTP_Patator,posterior_mahalanobis_mean,0,3.274962879018025
FTP_Patator,posterior_mahalanobis_median,0,3.271305057870948
FTP_Patator,posterior_mahalanobis_p25,0,3.082213242407175
FTP_Patator,posterior_mahalanobis_p75,0,3.4571684016461126
SSH_Patator,posterior_mahalanobis_mean,0,3.0885585369468473
SSH_Patator,posterior_mahalanobis_median,0,3.0767937676147055
SSH_Patator,posterior_mahalanobis_p25,0,2.881902516797813
SSH_Patator,posterior_mahalanobis_p75,0,3.2789353248751714
DoS_Slowhttptest,posterior_mahalanobis_mean,0,5.5013068999451935
DoS_Slowhttptest,posterior_mahalanobis_median,0,4.575187739983825
DoS_Slowhttptest,posterior_mahalanobis_p25,0,4.1638842133851135
DoS_Slowhttptest,posterior_mahalanobis_p75,0,6.341057113982218
Bot,posterior_mahalanobis_mean,0,3.686771840350181
Bot,posterior_mahalanobis_median,0,3.4678382582525256
Bot,posterior_mahalanobis_p25,0,3.260818440202434
Bot,posterior_mahalanobis_p75,0,3.6889163363708857
Web_Attack,posterior_mahalanobis_mean,0,4.8863194020331555
Web_Attack,posterior_mahalanobis_median,0,4.887247875050564
Web_Attack,posterior_mahalanobis_p25,0,4.321198709281605
Web_Attack,posterior_mahalanobis_p75,0,5.446454852887237
Infiltration,posterior_mahalanobis_mean,0,25.13221679327284
Infiltration,posterior_mahalanobis_median,0,5.088753777682596
Infiltration,posterior_mahalanobis_p25,0,4.521751353890836
Infiltration,posterior_mahalanobis_p75,0,10.438634392065754
DoS_Hulk_attempted,posterior_mahalanobis_mean,0,5.191025083602528
DoS_Hulk_attempted,posterior_mahalanobis_median,0,4.650662088491826
DoS_Hulk_attempted,posterior_mahalanobis_p25,0,4.057880840701699
DoS_Hulk_attempted,posterior_mahalanobis_p75,0,6.411754085082501
DoS_GoldenEye_attempted,posterior_mahalanobis_mean,0,3.6433027573304897
DoS_GoldenEye_attempted,posterior_mahalanobis_median,0,3.585583149231572
DoS_GoldenEye_attempted,posterior_mahalanobis_p25,0,3.4466022343558484
DoS_GoldenEye_attempted,posterior_mahalanobis_p75,0,3.7209056452705878
DoS_slowloris_attempted,posterior_mahalanobis_mean,0,4.257684533170548
DoS_slowloris_attempted,posterior_mahalanobis_median,0,4.270443614253216
DoS_slowloris_attempted,posterior_mahalanobis_p25,0,4.147791929702196
DoS_slowloris_attempted,posterior_mahalanobis_p75,0,4.391307587379126
DoS_Slowhttptest_attempted,posterior_mahalanobis_mean,0,5.350622700178078
DoS_Slowhttptest_attempted,posterior_mahalanobis_median,0,5.57554744350617
DoS_Slowhttptest_attempted,posterior_mahalanobis_p25,0,5.431675449172124
DoS_Slowhttptest_attempted,posterior_mahalanobis_p75,0,5.684342177411731
Bot_attempted,posterior_mahalanobis_mean,0,3.5668578197840626
Bot_attempted,posterior_mahalanobis_median,0,3.5541366103443055
Bot_attempted,posterior_mahalanobis_p25,0,3.3689129746250175
Bot_attempted,posterior_mahalanobis_p75,0,3.74635285203846
WebAttack_BruteForce,posterior_mahalanobis_mean,0,5.075740429577954
WebAttack_BruteForce,posterior_mahalanobis_median,0,4.935700828580893
WebAttack_BruteForce,posterior_mahalanobis_p25,0,4.489817071875679
WebAttack_BruteForce,posterior_mahalanobis_p75,0,5.760470068912113
WebAttack_BruteForce_attempted,posterior_mahalanobis_mean,0,3.912529309093514
WebAttack_BruteForce_attempted,posterior_mahalanobis_median,0,3.906021474633879
WebAttack_BruteForce_attempted,posterior_mahalanobis_p25,0,3.740523534586168
WebAttack_BruteForce_attempted,posterior_mahalanobis_p75,0,4.078681055776076
PortScan,posterior_mahalanobis_mean,1,2.76573930529689
PortScan,posterior_mahalanobis_median,1,2.693506284347297
PortScan,posterior_mahalanobis_p25,1,2.5074449426762255
PortScan,posterior_mahalanobis_p75,1,2.899929918513349
DoS_Hulk,posterior_mahalanobis_mean,1,5.4599370429975895
DoS_Hulk,posterior_mahalanobis_median,1,5.201497152604782
DoS_Hulk,posterior_mahalanobis_p25,1,4.747149559020907
DoS_Hulk,posterior_mahalanobis_p75,1,5.926059177382192
DDoS,posterior_mahalanobis_mean,1,6.380464667140036
DDoS,posterior_mahalanobis_median,1,6.261774957067382
DDoS,posterior_mahalanobis_p25,1,5.505588640491183
DDoS,posterior_mahalanobis_p75,1,7.138671748271566
DoS_GoldenEye,posterior_mahalanobis_mean,1,5.220491473951781
DoS_GoldenEye,posterior_mahalanobis_median,1,4.991024515712315
DoS_GoldenEye,posterior_mahalanobis_p25,1,4.058903132998596
DoS_GoldenEye,posterior_mahalanobis_p75,1,6.124924109542575
DoS_slowloris,posterior_mahalanobis_mean,1,4.598314226217333
DoS_slowloris,posterior_mahalanobis_median,1,4.997086821141592
DoS_slowloris,posterior_mahalanobis_p25,1,4.685916150360251
DoS_slowloris,posterior_mahalanobis_p75,1,5.157234828408052
FTP_Patator,posterior_mahalanobis_mean,1,2.8292019302022475
FTP_Patator,posterior_mahalanobis_median,1,2.8229979237543086
FTP_Patator,posterior_mahalanobis_p25,1,2.7046028432657754
FTP_Patator,posterior_mahalanobis_p75,1,2.9437145643337397
SSH_Patator,posterior_mahalanobis_mean,1,2.7434587760870763
SSH_Patator,posterior_mahalanobis_median,1,2.731799051099048
SSH_Patator,posterior_mahalanobis_p25,1,2.604906003440044
SSH_Patator,posterior_mahalanobis_p75,1,2.869517606300365
DoS_Slowhttptest,posterior_mahalanobis_mean,1,5.3916925730769
DoS_Slowhttptest,posterior_mahalanobis_median,1,5.382285950470989
DoS_Slowhttptest,posterior_mahalanobis_p25,1,4.901132564961982
DoS_Slowhttptest,posterior_mahalanobis_p75,1,5.686950191413588
Bot,posterior_mahalanobis_mean,1,2.9228744576260404
Bot,posterior_mahalanobis_median,1,2.549580214125367
Bot,posterior_mahalanobis_p25,1,2.4073028347127834
Bot,posterior_mahalanobis_p75,1,2.705649550904636
Web_Attack,posterior_mahalanobis_mean,1,4.005108343489392
Web_Attack,posterior_mahalanobis_median,1,4.1896859172170675
Web_Attack,posterior_mahalanobis_p25,1,3.562057212331008
Web_Attack,posterior_mahalanobis_p75,1,4.559309388637552
Infiltration,posterior_mahalanobis_mean,1,37.66159635995502
Infiltration,posterior_mahalanobis_median,1,4.965875529601709
Infiltration,posterior_mahalanobis_p25,1,4.12019142613375
Infiltration,posterior_mahalanobis_p75,1,12.301109707372074
DoS_Hulk_attempted,posterior_mahalanobis_mean,1,5.11545652502706
DoS_Hulk_attempted,posterior_mahalanobis_median,1,5.616394900501159
DoS_Hulk_attempted,posterior_mahalanobis_p25,1,3.183109249645428
DoS_Hulk_attempted,posterior_mahalanobis_p75,1,6.229220368171367
DoS_GoldenEye_attempted,posterior_mahalanobis_mean,1,2.843095858728266
DoS_GoldenEye_attempted,posterior_mahalanobis_median,1,2.7749104209718665
DoS_GoldenEye_attempted,posterior_mahalanobis_p25,1,2.6687233748368353
DoS_GoldenEye_attempted,posterior_mahalanobis_p75,1,2.9267338123255766
DoS_slowloris_attempted,posterior_mahalanobis_mean,1,4.245870102582902
DoS_slowloris_attempted,posterior_mahalanobis_median,1,4.289735068030014
DoS_slowloris_attempted,posterior_mahalanobis_p25,1,4.190223983849873
DoS_slowloris_attempted,posterior_mahalanobis_p75,1,4.390617169370531
DoS_Slowhttptest_attempted,posterior_mahalanobis_mean,1,4.934989006074569
DoS_Slowhttptest_attempted,posterior_mahalanobis_median,1,4.9608939760707145
DoS_Slowhttptest_attempted,posterior_mahalanobis_p25,1,4.907493343591247
DoS_Slowhttptest_attempted,posterior_mahalanobis_p75,1,5.013992819068823
Bot_attempted,posterior_mahalanobis_mean,1,2.703698285848468
Bot_attempted,posterior_mahalanobis_median,1,2.6981946370116976
Bot_attempted,posterior_mahalanobis_p25,1,2.5370832969892887
Bot_attempted,posterior_mahalanobis_p75,1,2.8504438132629364
WebAttack_BruteForce,posterior_mahalanobis_mean,1,4.072348656605172
WebAttack_BruteForce,posterior_mahalanobis_median,1,4.348607008291767
WebAttack_BruteForce,posterior_mahalanobis_p25,1,3.573097098902679
WebAttack_BruteForce,posterior_mahalanobis_p75,1,4.616920225051327
WebAttack_BruteForce_attempted,posterior_mahalanobis_mean,1,3.268678491176584
WebAttack_BruteForce_attempted,posterior_mahalanobis_median,1,3.2518026650370206
WebAttack_BruteForce_attempted,posterior_mahalanobis_p25,1,3.1085259097406728
WebAttack_BruteForce_attempted,posterior_mahalanobis_p75,1,3.4239183842318672
PortScan,posterior_mahalanobis_mean,2,4.09777170059842
PortScan,posterior_mahalanobis_median,2,4.04515010244941
PortScan,posterior_mahalanobis_p25,2,3.9037848374291197
PortScan,posterior_mahalanobis_p75,2,4.1985610403569975
DoS_Hulk,posterior_mahalanobis_mean,2,6.671233320133749
DoS_Hulk,posterior_mahalanobis_median,2,6.447912439940232
DoS_Hulk,posterior_mahalanobis_p25,2,6.046359189384447
DoS_Hulk,posterior_mahalanobis_p75,2,6.993490159889755
DDoS,posterior_mahalanobis_mean,2,7.5218918264821815
DDoS,posterior_mahalanobis_median,2,7.131168863218775
DDoS,posterior_mahalanobis_p25,2,6.303117740822904
DDoS,posterior_mahalanobis_p75,2,8.479004315722293
DoS_GoldenEye,posterior_mahalanobis_mean,2,6.477345313415754
DoS_GoldenEye,posterior_mahalanobis_median,2,6.354322836168204
DoS_GoldenEye,posterior_mahalanobis_p25,2,5.4398008881128845
DoS_GoldenEye,posterior_mahalanobis_p75,2,7.287664314838683
DoS_slowloris,posterior_mahalanobis_mean,2,5.612851116511378
DoS_slowloris,posterior_mahalanobis_median,2,5.88821739884973
DoS_slowloris,posterior_mahalanobis_p25,2,5.5952509220574544
DoS_slowloris,posterior_mahalanobis_p75,2,6.104955081878211
FTP_Patator,posterior_mahalanobis_mean,2,3.7865007772849775
FTP_Patator,posterior_mahalanobis_median,2,3.7819568271908617
FTP_Patator,posterior_mahalanobis_p25,2,3.6174346290071435
FTP_Patator,posterior_mahalanobis_p75,2,3.945976198082102
SSH_Patator,posterior_mahalanobis_mean,2,2.9708753027831274
SSH_Patator,posterior_mahalanobis_median,2,2.9542707934384436
SSH_Patator,posterior_mahalanobis_p25,2,2.8085105118403386
SSH_Patator,posterior_mahalanobis_p75,2,3.1039221652537035
DoS_Slowhttptest,posterior_mahalanobis_mean,2,6.498214749975394
DoS_Slowhttptest,posterior_mahalanobis_median,2,6.631027073597313
DoS_Slowhttptest,posterior_mahalanobis_p25,2,6.088797313150646
DoS_Slowhttptest,posterior_mahalanobis_p75,2,7.299677546248974
Bot,posterior_mahalanobis_mean,2,4.059959215112559
Bot,posterior_mahalanobis_median,2,3.589831901685248
Bot,posterior_mahalanobis_p25,2,3.4333439736194076
Bot,posterior_mahalanobis_p75,2,3.7727166175976414
Web_Attack,posterior_mahalanobis_mean,2,5.200005521084814
Web_Attack,posterior_mahalanobis_median,2,5.242450503526737
Web_Attack,posterior_mahalanobis_p25,2,4.655022070802957
Web_Attack,posterior_mahalanobis_p75,2,5.982808023036096
Infiltration,posterior_mahalanobis_mean,2,30.258317163358633
Infiltration,posterior_mahalanobis_median,2,6.409676820751458
Infiltration,posterior_mahalanobis_p25,2,5.287359879698619
Infiltration,posterior_mahalanobis_p75,2,11.497944651311057
DoS_Hulk_attempted,posterior_mahalanobis_mean,2,6.452209574910282
DoS_Hulk_attempted,posterior_mahalanobis_median,2,6.038904707579298
DoS_Hulk_attempted,posterior_mahalanobis_p25,2,4.471394074470293
DoS_Hulk_attempted,posterior_mahalanobis_p75,2,8.29179572961753
DoS_GoldenEye_attempted,posterior_mahalanobis_mean,2,4.08587941554679
DoS_GoldenEye_attempted,posterior_mahalanobis_median,2,4.0356975451493735
DoS_GoldenEye_attempted,posterior_mahalanobis_p25,2,3.8637038165003457
DoS_GoldenEye_attempted,posterior_mahalanobis_p75,2,4.170270736038332
DoS_slowloris_attempted,posterior_mahalanobis_mean,2,4.11439944186181
DoS_slowloris_attempted,posterior_mahalanobis_median,2,4.110175017428087
DoS_slowloris_attempted,posterior_mahalanobis_p25,2,3.992989350210565
DoS_slowloris_attempted,posterior_mahalanobis_p75,2,4.223494333523586
DoS_Slowhttptest_attempted,posterior_mahalanobis_mean,2,6.798996574118488
DoS_Slowhttptest_attempted,posterior_mahalanobis_median,2,6.967241749246051
DoS_Slowhttptest_attempted,posterior_mahalanobis_p25,2,6.809117407884422
DoS_Slowhttptest_attempted,posterior_mahalanobis_p75,2,7.091111267554676
Bot_attempted,posterior_mahalanobis_mean,2,4.146269351583791
Bot_attempted,posterior_mahalanobis_median,2,4.137114981211137
Bot_attempted,posterior_mahalanobis_p25,2,3.9883396990582423
Bot_attempted,posterior_mahalanobis_p75,2,4.296753043261519
WebAttack_BruteForce,posterior_mahalanobis_mean,2,5.483206149137916
WebAttack_BruteForce,posterior_mahalanobis_median,2,5.36107531058745
WebAttack_BruteForce,posterior_mahalanobis_p25,2,5.142922340692143
WebAttack_BruteForce,posterior_mahalanobis_p75,2,6.282089823279672
WebAttack_BruteForce_attempted,posterior_mahalanobis_mean,2,4.014500747769238
WebAttack_BruteForce_attempted,posterior_mahalanobis_median,2,4.00848364493247
WebAttack_BruteForce_attempted,posterior_mahalanobis_p25,2,3.875052947855662
WebAttack_BruteForce_attempted,posterior_mahalanobis_p75,2,4.144652052424105
PortScan,posterior_mahalanobis_mean,3,3.407583912092389
PortScan,posterior_mahalanobis_median,3,3.359369422053553
PortScan,posterior_mahalanobis_p25,3,3.200629714721848
PortScan,posterior_mahalanobis_p75,3,3.524349216418791
DoS_Hulk,posterior_mahalanobis_mean,3,3.870081299767847
DoS_Hulk,posterior_mahalanobis_median,3,3.6922428154587665
DoS_Hulk,posterior_mahalanobis_p25,3,3.4197435365502704
DoS_Hulk,posterior_mahalanobis_p75,3,4.177622351733811
DDoS,posterior_mahalanobis_mean,3,4.981467785214242
DDoS,posterior_mahalanobis_median,3,4.965757637239728
DDoS,posterior_mahalanobis_p25,3,4.2686724714375455
DDoS,posterior_mahalanobis_p75,3,5.661198597777315
DoS_GoldenEye,posterior_mahalanobis_mean,3,4.118911465459852
DoS_GoldenEye,posterior_mahalanobis_median,3,4.057723810944055
DoS_GoldenEye,posterior_mahalanobis_p25,3,3.5583745771318354
DoS_GoldenEye,posterior_mahalanobis_p75,3,4.604142146057243
DoS_slowloris,posterior_mahalanobis_mean,3,5.0346412912415435
DoS_slowloris,posterior_mahalanobis_median,3,5.323290320519746
DoS_slowloris,posterior_mahalanobis_p25,3,4.705039469068812
DoS_slowloris,posterior_mahalanobis_p75,3,5.611711058232609
FTP_Patator,posterior_mahalanobis_mean,3,3.7796052710306833
FTP_Patator,posterior_mahalanobis_median,3,3.7792221088620925
FTP_Patator,posterior_mahalanobis_p25,3,3.6244351103379464
FTP_Patator,posterior_mahalanobis_p75,3,3.9328339123044884
SSH_Patator,posterior_mahalanobis_mean,3,3.1633264839712742
SSH_Patator,posterior_mahalanobis_median,3,3.151302554445322
SSH_Patator,posterior_mahalanobis_p25,3,2.998187219131517
SSH_Patator,posterior_mahalanobis_p75,3,3.3218432237887887
DoS_Slowhttptest,posterior_mahalanobis_mean,3,4.9430696913820835
DoS_Slowhttptest,posterior_mahalanobis_median,3,4.93279154715804
DoS_Slowhttptest,posterior_mahalanobis_p25,3,4.448083229740473
DoS_Slowhttptest,posterior_mahalanobis_p75,3,5.3667442896572926
Bot,posterior_mahalanobis_mean,3,3.22937346658035
Bot,posterior_mahalanobis_median,3,2.8934175660401245
Bot,posterior_mahalanobis_p25,3,2.733148628079845
Bot,posterior_mahalanobis_p75,3,3.087752701503719
Web_Attack,posterior_mahalanobis_mean,3,5.557255084408484
Web_Attack,posterior_mahalanobis_median,3,5.452567654878518
Web_Attack,posterior_mahalanobis_p25,3,4.107042315396514
Web_Attack,posterior_mahalanobis_p75,3,7.2624654847563255
Infiltration,posterior_mahalanobis_mean,3,68.64147722376235
Infiltration,posterior_mahalanobis_median,3,4.7013924690371125
Infiltration,posterior_mahalanobis_p25,3,3.9770247072113354
Infiltration,posterior_mahalanobis_p75,3,13.858256171165722
DoS_Hulk_attempted,posterior_mahalanobis_mean,3,5.332857073460683
DoS_Hulk_attempted,posterior_mahalanobis_median,3,5.5806702973185365
DoS_Hulk_attempted,posterior_mahalanobis_p25,3,3.8948972276585456
DoS_Hulk_attempted,posterior_mahalanobis_p75,3,6.391386558541436
DoS_GoldenEye_attempted,posterior_mahalanobis_mean,3,3.533563978877166
DoS_GoldenEye_attempted,posterior_mahalanobis_median,3,3.461394165406916
DoS_GoldenEye_attempted,posterior_mahalanobis_p25,3,3.3272984419586464
DoS_GoldenEye_attempted,posterior_mahalanobis_p75,3,3.5506330998159887
DoS_slowloris_attempted,posterior_mahalanobis_mean,3,4.303815959604637
DoS_slowloris_attempted,posterior_mahalanobis_median,3,4.340051300072719
DoS_slowloris_attempted,posterior_mahalanobis_p25,3,4.2280595214140755
DoS_slowloris_attempted,posterior_mahalanobis_p75,3,4.448171611384524
DoS_Slowhttptest_attempted,posterior_mahalanobis_mean,3,5.735156479168607
DoS_Slowhttptest_attempted,posterior_mahalanobis_median,3,6.018941398500203
DoS_Slowhttptest_attempted,posterior_mahalanobis_p25,3,5.893736481695373
DoS_Slowhttptest_attempted,posterior_mahalanobis_p75,3,6.11152915595901
Bot_attempted,posterior_mahalanobis_mean,3,3.2786677832348174
Bot_attempted,posterior_mahalanobis_median,3,3.269747058986651
Bot_attempted,posterior_mahalanobis_p25,3,3.146942012830733
Bot_attempted,posterior_mahalanobis_p75,3,3.400321080512016
WebAttack_BruteForce,posterior_mahalanobis_mean,3,5.71422225182843
WebAttack_BruteForce,posterior_mahalanobis_median,3,5.502140746086562
WebAttack_BruteForce,posterior_mahalanobis_p25,3,4.327641432950879
WebAttack_BruteForce,posterior_mahalanobis_p75,3,7.243978984744581
WebAttack_BruteForce_attempted,posterior_mahalanobis_mean,3,3.8984468449108034
WebAttack_BruteForce_attempted,posterior_mahalanobis_median,3,3.89356026263678
WebAttack_BruteForce_attempted,posterior_mahalanobis_p25,3,3.741564781390283
WebAttack_BruteForce_attempted,posterior_mahalanobis_p75,3,4.055352654769381
PortScan,posterior_mahalanobis_mean,4,2.671626696390258
PortScan,posterior_mahalanobis_median,4,2.634853063630531
PortScan,posterior_mahalanobis_p25,4,2.4867906952996495
PortScan,posterior_mahalanobis_p75,4,2.7946089251651793
DoS_Hulk,posterior_mahalanobis_mean,4,6.095294405218452
DoS_Hulk,posterior_mahalanobis_median,4,5.764575171527151
DoS_Hulk,posterior_mahalanobis_p25,4,5.2155673943175875
DoS_Hulk,posterior_mahalanobis_p75,4,6.612743090348914
DDoS,posterior_mahalanobis_mean,4,7.307423285138794
DDoS,posterior_mahalanobis_median,4,6.921729862841448
DDoS,posterior_mahalanobis_p25,4,5.946929903624984
DDoS,posterior_mahalanobis_p75,4,8.361266718699701
DoS_GoldenEye,posterior_mahalanobis_mean,4,5.216128827116192
DoS_GoldenEye,posterior_mahalanobis_median,4,4.9599783169163745
DoS_GoldenEye,posterior_mahalanobis_p25,4,3.907736137808352
DoS_GoldenEye,posterior_mahalanobis_p75,4,6.1484946912775476
DoS_slowloris,posterior_mahalanobis_mean,4,3.8198493388609287
DoS_slowloris,posterior_mahalanobis_median,4,4.001883621760882
DoS_slowloris,posterior_mahalanobis_p25,4,3.7263550546493738
DoS_slowloris,posterior_mahalanobis_p75,4,4.234356323461112
FTP_Patator,posterior_mahalanobis_mean,4,2.583683830418484
FTP_Patator,posterior_mahalanobis_median,4,2.5783527859546167
FTP_Patator,posterior_mahalanobis_p25,4,2.4573197280265235
FTP_Patator,posterior_mahalanobis_p75,4,2.70560506484237
SSH_Patator,posterior_mahalanobis_mean,4,2.3789925778138956
SSH_Patator,posterior_mahalanobis_median,4,2.3679889714392583
SSH_Patator,posterior_mahalanobis_p25,4,2.2682019010280556
SSH_Patator,posterior_mahalanobis_p75,4,2.477347843196157
DoS_Slowhttptest,posterior_mahalanobis_mean,4,4.383132745075797
DoS_Slowhttptest,posterior_mahalanobis_median,4,4.317923561576616
DoS_Slowhttptest,posterior_mahalanobis_p25,4,4.147226937292248
DoS_Slowhttptest,posterior_mahalanobis_p75,4,4.628807656468525
Bot,posterior_mahalanobis_mean,4,2.8227478596682998
Bot,posterior_mahalanobis_median,4,2.5565635972668854
Bot,posterior_mahalanobis_p25,4,2.4096661385018914
Bot,posterior_mahalanobis_p75,4,2.714536954074987
Web_Attack,posterior_mahalanobis_mean,4,3.5353676584257943
Web_Attack,posterior_mahalanobis_median,4,3.610135215000618
Web_Attack,posterior_mahalanobis_p25,4,3.280762175757737
Web_Attack,posterior_mahalanobis_p75,4,3.826606790421729
Infiltration,posterior_mahalanobis_mean,4,60.56137466157413
Infiltration,posterior_mahalanobis_median,4,5.044892555116914
Infiltration,posterior_mahalanobis_p25,4,4.017835958192141
Infiltration,posterior_mahalanobis_p75,4,10.303321697753404
DoS_Hulk_attempted,posterior_mahalanobis_mean,4,5.2430113985489335
DoS_Hulk_attempted,posterior_mahalanobis_median,4,6.151799330250954
DoS_Hulk_attempted,posterior_mahalanobis_p25,4,2.820256458590541
DoS_Hulk_attempted,posterior_mahalanobis_p75,4,6.620977840012595
DoS_GoldenEye_attempted,posterior_mahalanobis_mean,4,2.586656024677784
DoS_GoldenEye_attempted,posterior_mahalanobis_median,4,2.5243104690099996
DoS_GoldenEye_attempted,posterior_mahalanobis_p25,4,2.4207285475593707
DoS_GoldenEye_attempted,posterior_mahalanobis_p75,4,2.653822204814465
DoS_slowloris_attempted,posterior_mahalanobis_mean,4,4.605821930336786
DoS_slowloris_attempted,posterior_mahalanobis_median,4,4.6681121698700805
DoS_slowloris_attempted,posterior_mahalanobis_p25,4,4.578934581583492
DoS_slowloris_attempted,posterior_mahalanobis_p75,4,4.764665048986604
DoS_Slowhttptest_attempted,posterior_mahalanobis_mean,4,4.981218096435476
DoS_Slowhttptest_attempted,posterior_mahalanobis_median,4,5.078039867290387
DoS_Slowhttptest_attempted,posterior_mahalanobis_p25,4,4.980695440093398
DoS_Slowhttptest_attempted,posterior_mahalanobis_p75,4,5.1595353843105265
Bot_attempted,posterior_mahalanobis_mean,4,2.5699435713326917
Bot_attempted,posterior_mahalanobis_median,4,2.562043546081986
Bot_attempted,posterior_mahalanobis_p25,4,2.4177011301475257
Bot_attempted,posterior_mahalanobis_p75,4,2.7128687264000204
WebAttack_BruteForce,posterior_mahalanobis_mean,4,3.6041816435213443
WebAttack_BruteForce,posterior_mahalanobis_median,4,3.7195619669938003
WebAttack_BruteForce,posterior_mahalanobis_p25,4,3.354733899236776
WebAttack_BruteForce,posterior_mahalanobis_p75,4,3.8397761054650412
WebAttack_BruteForce_attempted,posterior_mahalanobis_mean,4,2.8870417725177946
WebAttack_BruteForce_attempted,posterior_mahalanobis_median,4,2.878978036126597
WebAttack_BruteForce_attempted,posterior_mahalanobis_p25,4,2.7467918996122123
WebAttack_BruteForce_attempted,posterior_mahalanobis_p75,4,3.025184699754028
PortScan,posterior_mahalanobis_mean,5,3.9988791410816718
PortScan,posterior_mahalanobis_median,5,3.9624345319616268
PortScan,posterior_mahalanobis_p25,5,3.792681501238021
PortScan,posterior_mahalanobis_p75,5,4.142777667730032
DoS_Hulk,posterior_mahalanobis_mean,5,4.456475846377935
DoS_Hulk,posterior_mahalanobis_median,5,4.343243394545203
DoS_Hulk,posterior_mahalanobis_p25,5,4.0104983240166545
DoS_Hulk,posterior_mahalanobis_p75,5,4.795406545707957
DDoS,posterior_mahalanobis_mean,5,4.786473651808835
DDoS,posterior_mahalanobis_median,5,4.726885823145451
DDoS,posterior_mahalanobis_p25,5,4.281423513558524
DDoS,posterior_mahalanobis_p75,5,5.244035569175509
DoS_GoldenEye,posterior_mahalanobis_mean,5,4.99293591192621
DoS_GoldenEye,posterior_mahalanobis_median,5,4.767875591943009
DoS_GoldenEye,posterior_mahalanobis_p25,5,4.11025420304269
DoS_GoldenEye,posterior_mahalanobis_p75,5,5.83166936253699
DoS_slowloris,posterior_mahalanobis_mean,5,5.9460810921739045
DoS_slowloris,posterior_mahalanobis_median,5,5.175342975067782
DoS_slowloris,posterior_mahalanobis_p25,5,4.698940278820663
DoS_slowloris,posterior_mahalanobis_p75,5,7.631799099523019
FTP_Patator,posterior_mahalanobis_mean,5,3.1749356215024287
FTP_Patator,posterior_mahalanobis_median,5,3.169270210767265
FTP_Patator,posterior_mahalanobis_p25,5,3.0160309615312535
FTP_Patator,posterior_mahalanobis_p75,5,3.322106792200971
SSH_Patator,posterior_mahalanobis_mean,5,2.7101899543272108
SSH_Patator,posterior_mahalanobis_median,5,2.6900553810143633
SSH_Patator,posterior_mahalanobis_p25,5,2.5444411284123096
SSH_Patator,posterior_mahalanobis_p75,5,2.8539931749310723
DoS_Slowhttptest,posterior_mahalanobis_mean,5,5.875889345342677
DoS_Slowhttptest,posterior_mahalanobis_median,5,5.070674034779262
DoS_Slowhttptest,posterior_mahalanobis_p25,5,4.828751223565579
DoS_Slowhttptest,posterior_mahalanobis_p75,5,7.330413787787084
Bot,posterior_mahalanobis_mean,5,3.6918981204431023
Bot,posterior_mahalanobis_median,5,3.372979506037286
Bot,posterior_mahalanobis_p25,5,3.1894220959064032
Bot,posterior_mahalanobis_p75,5,3.596128407840531
Web_Attack,posterior_mahalanobis_mean,5,5.361020488972521
Web_Attack,posterior_mahalanobis_median,5,4.9094984345224635
Web_Attack,posterior_mahalanobis_p25,5,4.595073690547677
Web_Attack,posterior_mahalanobis_p75,5,6.851361859734456
Infiltration,posterior_mahalanobis_mean,5,13.860354181343327
Infiltration,posterior_mahalanobis_median,5,5.349828513974696
Infiltration,posterior_mahalanobis_p25,5,4.280492373214471
Infiltration,posterior_mahalanobis_p75,5,11.629971244669184
DoS_Hulk_attempted,posterior_mahalanobis_mean,5,5.516355335708331
DoS_Hulk_attempted,posterior_mahalanobis_median,5,4.667865576503102
DoS_Hulk_attempted,posterior_mahalanobis_p25,5,3.9575741277766374
DoS_Hulk_attempted,posterior_mahalanobis_p75,5,7.177038847791817
DoS_GoldenEye_attempted,posterior_mahalanobis_mean,5,3.696614468067817
DoS_GoldenEye_attempted,posterior_mahalanobis_median,5,3.598890801389235
DoS_GoldenEye_attempted,posterior_mahalanobis_p25,5,3.498538180991755
DoS_GoldenEye_attempted,posterior_mahalanobis_p75,5,3.7701432013025977
DoS_slowloris_attempted,posterior_mahalanobis_mean,5,4.233747305642198
DoS_slowloris_attempted,posterior_mahalanobis_median,5,4.23909133550484
DoS_slowloris_attempted,posterior_mahalanobis_p25,5,4.08284191262614
DoS_slowloris_attempted,posterior_mahalanobis_p75,5,4.395961092547281
DoS_Slowhttptest_attempted,posterior_mahalanobis_mean,5,6.631884760019534
DoS_Slowhttptest_attempted,posterior_mahalanobis_median,5,7.1546948829972425
DoS_Slowhttptest_attempted,posterior_mahalanobis_p25,5,7.02874214066544
DoS_Slowhttptest_attempted,posterior_mahalanobis_p75,5,7.259686330589635
Bot_attempted,posterior_mahalanobis_mean,5,4.064292652588369
Bot_attempted,posterior_mahalanobis_median,5,4.07090986002734
Bot_attempted,posterior_mahalanobis_p25,5,3.8943509942380437
Bot_attempted,posterior_mahalanobis_p75,5,4.216277241712224
WebAttack_BruteForce,posterior_mahalanobis_mean,5,5.675192382879343
WebAttack_BruteForce,posterior_mahalanobis_median,5,4.998085778047976
WebAttack_BruteForce,posterior_mahalanobis_p25,5,4.751659222059694
WebAttack_BruteForce,posterior_mahalanobis_p75,5,7.050009633526238
WebAttack_BruteForce_attempted,posterior_mahalanobis_mean,5,3.4847986222242833
WebAttack_BruteForce_attempted,posterior_mahalanobis_median,5,3.4715846668428165
WebAttack_BruteForce_attempted,posterior_mahalanobis_p25,5,3.3107110984226953
WebAttack_BruteForce_attempted,posterior_mahalanobis_p75,5,3.642985452784501
PortScan,posterior_mahalanobis_mean,6,2.784810993930783
PortScan,posterior_mahalanobis_median,6,2.7306276615629996
PortScan,posterior_mahalanobis_p25,6,2.376010321105258
PortScan,posterior_mahalanobis_p75,6,3.04582215866238
DoS_Hulk,posterior_mahalanobis_mean,6,7.3293877007515915
DoS_Hulk,posterior_mahalanobis_median,6,6.713344219042706
DoS_Hulk,posterior_mahalanobis_p25,6,5.924103527599301
DoS_Hulk,posterior_mahalanobis_p75,6,8.081803875386063
DDoS,posterior_mahalanobis_mean,6,9.740715040566569
DDoS,posterior_mahalanobis_median,6,9.530574786811867
DDoS,posterior_mahalanobis_p25,6,7.72331239446207
DDoS,posterior_mahalanobis_p75,6,11.471018913604198
DoS_GoldenEye,posterior_mahalanobis_mean,6,7.010042986469775
DoS_GoldenEye,posterior_mahalanobis_median,6,6.618153232482884
DoS_GoldenEye,posterior_mahalanobis_p25,6,4.873379982375809
DoS_GoldenEye,posterior_mahalanobis_p75,6,8.490593259710518
DoS_slowloris,posterior_mahalanobis_mean,6,4.600104498303679
DoS_slowloris,posterior_mahalanobis_median,6,4.861890214210165
DoS_slowloris,posterior_mahalanobis_p25,6,4.229662580454979
DoS_slowloris,posterior_mahalanobis_p75,6,5.289061046297824
FTP_Patator,posterior_mahalanobis_mean,6,3.1730834561510215
FTP_Patator,posterior_mahalanobis_median,6,3.1608187590321077
FTP_Patator,posterior_mahalanobis_p25,6,3.038638542800593
FTP_Patator,posterior_mahalanobis_p75,6,3.2983842888154795
SSH_Patator,posterior_mahalanobis_mean,6,3.1128928528351363
SSH_Patator,posterior_mahalanobis_median,6,3.1076994497962898
SSH_Patator,posterior_mahalanobis_p25,6,2.974019079534835
SSH_Patator,posterior_mahalanobis_p75,6,3.2475502558332967
DoS_Slowhttptest,posterior_mahalanobis_mean,6,4.904514474753556
DoS_Slowhttptest,posterior_mahalanobis_median,6,4.653349336724171
DoS_Slowhttptest,posterior_mahalanobis_p25,6,4.446321887412988
DoS_Slowhttptest,posterior_mahalanobis_p75,6,5.261977008881777
Bot,posterior_mahalanobis_mean,6,3.1090783760322633
Bot,posterior_mahalanobis_median,6,2.633023559483874
Bot,posterior_mahalanobis_p25,6,2.4979782773305392
Bot,posterior_mahalanobis_p75,6,2.810787083562527
Web_Attack,posterior_mahalanobis_mean,6,4.108976090292693
Web_Attack,posterior_mahalanobis_median,6,4.179956118155186
Web_Attack,posterior_mahalanobis_p25,6,3.393591809887745
Web_Attack,posterior_mahalanobis_p75,6,4.91620872860429
Infiltration,posterior_mahalanobis_mean,6,37.27892608662313
Infiltration,posterior_mahalanobis_median,6,5.3663508739714505
Infiltration,posterior_mahalanobis_p25,6,4.884877829620547
Infiltration,posterior_mahalanobis_p75,6,11.49010453163023
DoS_Hulk_attempted,posterior_mahalanobis_mean,6,5.088902209678406
DoS_Hulk_attempted,posterior_mahalanobis_median,6,5.776631999945835
DoS_Hulk_attempted,posterior_mahalanobis_p25,6,3.226244699352356
DoS_Hulk_attempted,posterior_mahalanobis_p75,6,6.067012382223943
DoS_GoldenEye_attempted,posterior_mahalanobis_mean,6,2.9695059557759107
DoS_GoldenEye_attempted,posterior_mahalanobis_median,6,2.9086276126756094
DoS_GoldenEye_attempted,posterior_mahalanobis_p25,6,2.7534149163400343
DoS_GoldenEye_attempted,posterior_mahalanobis_p75,6,3.0465592875807785
DoS_slowloris_attempted,posterior_mahalanobis_mean,6,4.2645073171817
DoS_slowloris_attempted,posterior_mahalanobis_median,6,4.3079310605679115
DoS_slowloris_attempted,posterior_mahalanobis_p25,6,4.20849930778158
DoS_slowloris_attempted,posterior_mahalanobis_p75,6,4.410448908437936
DoS_Slowhttptest_attempted,posterior_mahalanobis_mean,6,5.715115313785859
DoS_Slowhttptest_attempted,posterior_mahalanobis_median,6,5.78979572200979
DoS_Slowhttptest_attempted,posterior_mahalanobis_p25,6,5.735257035508621
DoS_Slowhttptest_attempted,posterior_mahalanobis_p75,6,5.8406561863958855
Bot_attempted,posterior_mahalanobis_mean,6,3.0227341081546335
Bot_attempted,posterior_mahalanobis_median,6,3.0186998376560155
Bot_attempted,posterior_mahalanobis_p25,6,2.8571217510475932
Bot_attempted,posterior_mahalanobis_p75,6,3.178950557050619
WebAttack_BruteForce,posterior_mahalanobis_mean,6,4.134948750028507
WebAttack_BruteForce,posterior_mahalanobis_median,6,4.07751589576249
WebAttack_BruteForce,posterior_mahalanobis_p25,6,3.4068257001061206
WebAttack_BruteForce,posterior_mahalanobis_p75,6,4.913818807302614
WebAttack_BruteForce_attempted,posterior_mahalanobis_mean,6,3.243452104507367
WebAttack_BruteForce_attempted,posterior_mahalanobis_median,6,3.2426460375655015
WebAttack_BruteForce_attempted,posterior_mahalanobis_p25,6,3.0865113836939875
WebAttack_BruteForce_attempted,posterior_mahalanobis_p75,6,3.396001529645026
PortScan,posterior_mahalanobis_mean,7,3.6571462422282606
PortScan,posterior_mahalanobis_median,7,3.6320315866197843
PortScan,posterior_mahalanobis_p25,7,3.498220266999689
PortScan,posterior_mahalanobis_p75,7,3.7758079041301755
DoS_Hulk,posterior_mahalanobis_mean,7,4.969631557071917
DoS_Hulk,posterior_mahalanobis_median,7,4.913228631552057
DoS_Hulk,posterior_mahalanobis_p25,7,4.61310282981487
DoS_Hulk,posterior_mahalanobis_p75,7,5.26398526376526
DDoS,posterior_mahalanobis_mean,7,4.880697653577567
DDoS,posterior_mahalanobis_median,7,4.804699612736547
DDoS,posterior_mahalanobis_p25,7,4.396797931229702
DDoS,posterior_mahalanobis_p75,7,5.306769747347653
DoS_GoldenEye,posterior_mahalanobis_mean,7,4.8517377029436926
DoS_GoldenEye,posterior_mahalanobis_median,7,4.70743113993238
DoS_GoldenEye,posterior_mahalanobis_p25,7,4.02108578221363
DoS_GoldenEye,posterior_mahalanobis_p75,7,5.55120162452844
DoS_slowloris,posterior_mahalanobis_mean,7,4.954363662599156
DoS_slowloris,posterior_mahalanobis_median,7,5.23228661468265
DoS_slowloris,posterior_mahalanobis_p25,7,5.008624735145536
DoS_slowloris,posterior_mahalanobis_p75,7,5.380398861454736
FTP_Patator,posterior_mahalanobis_mean,7,3.6809653535587423
FTP_Patator,posterior_mahalanobis_median,7,3.6743840664430976
FTP_Patator,posterior_mahalanobis_p25,7,3.536058658071032
FTP_Patator,posterior_mahalanobis_p75,7,3.8117583050694215
SSH_Patator,posterior_mahalanobis_mean,7,2.906566773997566
SSH_Patator,posterior_mahalanobis_median,7,2.8954297853543687
SSH_Patator,posterior_mahalanobis_p25,7,2.757422662176118
SSH_Patator,posterior_mahalanobis_p75,7,3.0360993387711037
DoS_Slowhttptest,posterior_mahalanobis_mean,7,5.378544602486174
DoS_Slowhttptest,posterior_mahalanobis_median,7,5.379624176112624
DoS_Slowhttptest,posterior_mahalanobis_p25,7,4.879687547610819
DoS_Slowhttptest,posterior_mahalanobis_p75,7,5.597764935258345
Bot,posterior_mahalanobis_mean,7,3.612960728236787
Bot,posterior_mahalanobis_median,7,3.26004593927288
Bot,posterior_mahalanobis_p25,7,3.107116161704705
Bot,posterior_mahalanobis_p75,7,3.479407061467273
Web_Attack,posterior_mahalanobis_mean,7,5.931056486841393
Web_Attack,posterior_mahalanobis_median,7,6.336583895031282
Web_Attack,posterior_mahalanobis_p25,7,5.431166443250992
Web_Attack,posterior_mahalanobis_p75,7,7.198808306580918
Infiltration,posterior_mahalanobis_mean,7,54.19073192285465
Infiltration,posterior_mahalanobis_median,7,4.620722894895743
Infiltration,posterior_mahalanobis_p25,7,3.9274296787711327
Infiltration,posterior_mahalanobis_p75,7,12.738446908974657
DoS_Hulk_attempted,posterior_mahalanobis_mean,7,5.602102277138939
DoS_Hulk_attempted,posterior_mahalanobis_median,7,5.550311631195042
DoS_Hulk_attempted,posterior_mahalanobis_p25,7,4.056314342997747
DoS_Hulk_attempted,posterior_mahalanobis_p75,7,6.797420467007605
DoS_GoldenEye_attempted,posterior_mahalanobis_mean,7,3.767027617162371
DoS_GoldenEye_attempted,posterior_mahalanobis_median,7,3.6916549442725213
DoS_GoldenEye_attempted,posterior_mahalanobis_p25,7,3.5094728814839753
DoS_GoldenEye_attempted,posterior_mahalanobis_p75,7,3.8762842979676435
DoS_slowloris_attempted,posterior_mahalanobis_mean,7,5.013197343491338
DoS_slowloris_attempted,posterior_mahalanobis_median,7,5.077072856050166
DoS_slowloris_attempted,posterior_mahalanobis_p25,7,4.946974908322161
DoS_slowloris_attempted,posterior_mahalanobis_p75,7,5.207402283290513
DoS_Slowhttptest_attempted,posterior_mahalanobis_mean,7,6.134460962211388
DoS_Slowhttptest_attempted,posterior_mahalanobis_median,7,6.597307555891843
DoS_Slowhttptest_attempted,posterior_mahalanobis_p25,7,6.500542478752018
DoS_Slowhttptest_attempted,posterior_mahalanobis_p75,7,6.676390903487757
Bot_attempted,posterior_mahalanobis_mean,7,3.6680600649652604
Bot_attempted,posterior_mahalanobis_median,7,3.655140370368983
Bot_attempted,posterior_mahalanobis_p25,7,3.5262140396190453
Bot_attempted,posterior_mahalanobis_p75,7,3.7995780737185396
WebAttack_BruteForce,posterior_mahalanobis_mean,7,6.193673916314877
WebAttack_BruteForce,posterior_mahalanobis_median,7,6.419846685268126
WebAttack_BruteForce,posterior_mahalanobis_p25,7,5.6196265532078495
WebAttack_BruteForce,posterior_mahalanobis_p75,7,7.268957493563413
WebAttack_BruteForce_attempted,posterior_mahalanobis_mean,7,3.766357955121712
WebAttack_BruteForce_attempted,posterior_mahalanobis_median,7,3.756337830853725
WebAttack_BruteForce_attempted,posterior_mahalanobis_p25,7,3.619057610831701
WebAttack_BruteForce_attempted,posterior_mahalanobis_p75,7,3.909192488910489
PortScan,posterior_mahalanobis_mean,8,3.4895841862041923
PortScan,posterior_mahalanobis_median,8,3.4854783026048457
PortScan,posterior_mahalanobis_p25,8,3.2276959004166885
PortScan,posterior_mahalanobis_p75,8,3.6882845832340716
DoS_Hulk,posterior_mahalanobis_mean,8,3.6329531066840013
DoS_Hulk,posterior_mahalanobis_median,8,3.4648947842960753
DoS_Hulk,posterior_mahalanobis_p25,8,3.2092056889373834
DoS_Hulk,posterior_mahalanobis_p75,8,3.8781105563497187
DDoS,posterior_mahalanobis_mean,8,4.5982011249540315
DDoS,posterior_mahalanobis_median,8,4.49340274114577
DDoS,posterior_mahalanobis_p25,8,3.9310552353158075
DDoS,posterior_mahalanobis_p75,8,5.168636435607489
DoS_GoldenEye,posterior_mahalanobis_mean,8,4.367343049148622
DoS_GoldenEye,posterior_mahalanobis_median,8,4.2560709416543485
DoS_GoldenEye,posterior_mahalanobis_p25,8,3.3822005232362535
DoS_GoldenEye,posterior_mahalanobis_p75,8,5.2386341864271575
DoS_slowloris,posterior_mahalanobis_mean,8,4.512575953981997
DoS_slowloris,posterior_mahalanobis_median,8,4.523095995188006
DoS_slowloris,posterior_mahalanobis_p25,8,3.3931278271991174
DoS_slowloris,posterior_mahalanobis_p75,8,5.387193230209467
FTP_Patator,posterior_mahalanobis_mean,8,2.82120876262007
FTP_Patator,posterior_mahalanobis_median,8,2.8145745419239576
FTP_Patator,posterior_mahalanobis_p25,8,2.7096920185378384
FTP_Patator,posterior_mahalanobis_p75,8,2.9200383144704354
SSH_Patator,posterior_mahalanobis_mean,8,2.3861086287415008
SSH_Patator,posterior_mahalanobis_median,8,2.3725593166637324
SSH_Patator,posterior_mahalanobis_p25,8,2.25447360831478
SSH_Patator,posterior_mahalanobis_p75,8,2.499207492433073
DoS_Slowhttptest,posterior_mahalanobis_mean,8,4.95402233699737
DoS_Slowhttptest,posterior_mahalanobis_median,8,4.8267626804394075
DoS_Slowhttptest,posterior_mahalanobis_p25,8,4.201855784540534
DoS_Slowhttptest,posterior_mahalanobis_p75,8,5.574753946855027
Bot,posterior_mahalanobis_mean,8,3.261002860903602
Bot,posterior_mahalanobis_median,8,2.9310960164653084
Bot,posterior_mahalanobis_p25,8,2.759616663002469
Bot,posterior_mahalanobis_p75,8,3.120989430807383
Web_Attack,posterior_mahalanobis_mean,8,5.080299391158388
Web_Attack,posterior_mahalanobis_median,8,5.576731263598388
Web_Attack,posterior_mahalanobis_p25,8,4.6597657781105735
Web_Attack,posterior_mahalanobis_p75,8,6.006161269273926
Infiltration,posterior_mahalanobis_mean,8,41.77453385064226
Infiltration,posterior_mahalanobis_median,8,5.825943258169003
Infiltration,posterior_mahalanobis_p25,8,4.64384075554999
Infiltration,posterior_mahalanobis_p75,8,11.758560076204848
DoS_Hulk_attempted,posterior_mahalanobis_mean,8,5.196948954143481
DoS_Hulk_attempted,posterior_mahalanobis_median,8,5.761204042838335
DoS_Hulk_attempted,posterior_mahalanobis_p25,8,3.574287971245327
DoS_Hulk_attempted,posterior_mahalanobis_p75,8,6.083821814418517
DoS_GoldenEye_attempted,posterior_mahalanobis_mean,8,3.3455385558956707
DoS_GoldenEye_attempted,posterior_mahalanobis_median,8,3.282694722631107
DoS_GoldenEye_attempted,posterior_mahalanobis_p25,8,3.131443307460671
DoS_GoldenEye_attempted,posterior_mahalanobis_p75,8,3.4059403264889627
DoS_slowloris_attempted,posterior_mahalanobis_mean,8,4.2769213971746245
DoS_slowloris_attempted,posterior_mahalanobis_median,8,4.301908843416029
DoS_slowloris_attempted,posterior_mahalanobis_p25,8,4.1879536871593555
DoS_slowloris_attempted,posterior_mahalanobis_p75,8,4.431639112071931
DoS_Slowhttptest_attempted,posterior_mahalanobis_mean,8,5.488753850493711
DoS_Slowhttptest_attempted,posterior_mahalanobis_median,8,5.909798888052014
DoS_Slowhttptest_attempted,posterior_mahalanobis_p25,8,5.824622690411131
DoS_Slowhttptest_attempted,posterior_mahalanobis_p75,8,5.976399316246674
Bot_attempted,posterior_mahalanobis_mean,8,3.380128685365019
Bot_attempted,posterior_mahalanobis_median,8,3.372581856813117
Bot_attempted,posterior_mahalanobis_p25,8,3.2502432200450113
Bot_attempted,posterior_mahalanobis_p75,8,3.4996130849150804
WebAttack_BruteForce,posterior_mahalanobis_mean,8,5.33081679755165
WebAttack_BruteForce,posterior_mahalanobis_median,8,5.731441662063689
WebAttack_BruteForce,posterior_mahalanobis_p25,8,4.956943256866236
WebAttack_BruteForce,posterior_mahalanobis_p75,8,6.049203988799253
WebAttack_BruteForce_attempted,posterior_mahalanobis_mean,8,3.20871630779848
WebAttack_BruteForce_attempted,posterior_mahalanobis_median,8,3.2040183141973233
WebAttack_BruteForce_attempted,posterior_mahalanobis_p25,8,3.092718780464784
WebAttack_BruteForce_attempted,posterior_mahalanobis_p75,8,3.312373959051796
