group,metric,seed,value
PortScan,mahalanobis_mean,42,2.875475140401523
PortScan,mahalanobis_median,42,2.8705341299831098
PortScan,mahalanobis_p5,42,2.7267919291397957
PortScan,mahalanobis_p25,42,2.7276081324595727
PortScan,mahalanobis_p75,42,2.882605267976921
PortScan,mahalanobis_p95,42,2.9697910063640482
PortScan,mahalanobis_iqr,42,0.15499713551734828
PortScan,mahalanobis_mean_robust_mcd,42,2906.3290684656463
PortScan,mahalanobis_median_robust_mcd,42,2888.488460548606
DoS_Hulk,mahalanobis_mean,42,3.5713733433321093
DoS_Hulk,mahalanobis_median,42,3.085505293258311
DoS_Hulk,mahalanobis_p5,42,2.773243637409355
DoS_Hulk,mahalanobis_p25,42,2.943866396004561
DoS_Hulk,mahalanobis_p75,42,3.996141272448849
DoS_Hulk,mahalanobis_p95,42,5.598073381493578
DoS_Hulk,mahalanobis_iqr,42,1.052274876444288
DoS_Hulk,mahalanobis_mean_robust_mcd,42,2948.616917402406
DoS_Hulk,mahalanobis_median_robust_mcd,42,2962.7884699825395
DDoS,mahalanobis_mean,42,5.820944836204616
DDoS,mahalanobis_median,42,5.72606382467789
DDoS,mahalanobis_p5,42,3.735152366761486
DDoS,mahalanobis_p25,42,4.847602813417039
DDoS,mahalanobis_p75,42,6.782490447861999
DDoS,mahalanobis_p95,42,8.131535249506763
DDoS,mahalanobis_iqr,42,1.9348876344449604
DDoS,mahalanobis_mean_robust_mcd,42,2942.55627392843
DDoS,mahalanobis_median_robust_mcd,42,2945.2886542653628
DoS_GoldenEye,mahalanobis_mean,42,4.423504424710607
DoS_GoldenEye,mahalanobis_median,42,4.059753208448991
DoS_GoldenEye,mahalanobis_p5,42,2.5210282986968937
DoS_GoldenEye,mahalanobis_p25,42,3.248622957778645
DoS_GoldenEye,mahalanobis_p75,42,5.3950397410649815
DoS_GoldenEye,mahalanobis_p95,42,7.356157723198906
DoS_GoldenEye,mahalanobis_iqr,42,2.1464167832863366
DoS_GoldenEye,mahalanobis_mean_robust_mcd,42,3048.2161371779566
DoS_GoldenEye,mahalanobis_median_robust_mcd,42,2965.617853600723
DoS_slowloris,mahalanobis_mean,42,6.491532236691886
DoS_slowloris,mahalanobis_median,42,6.26517259948141
DoS_slowloris,mahalanobis_p5,42,2.2605361801626
DoS_slowloris,mahalanobis_p25,42,3.264370146440766
DoS_slowloris,mahalanobis_p75,42,8.8178495723435
DoS_slowloris,mahalanobis_p95,42,9.853952816088734
DoS_slowloris,mahalanobis_iqr,42,5.553479425902733
DoS_slowloris,mahalanobis_mean_robust_mcd,42,3117.042138158846
DoS_slowloris,mahalanobis_median_robust_mcd,42,3252.181089567379
FTP_Patator,mahalanobis_mean,42,2.0036504697268436
FTP_Patator,mahalanobis_median,42,2.0039669115072978
FTP_Patator,mahalanobis_p5,42,1.9926168880637696
FTP_Patator,mahalanobis_p25,42,2.0000517836187894
FTP_Patator,mahalanobis_p75,42,2.0076527103124717
FTP_Patator,mahalanobis_p95,42,2.013027848369918
FTP_Patator,mahalanobis_iqr,42,0.007600926693682286
FTP_Patator,mahalanobis_mean_robust_mcd,42,2971.988474601721
FTP_Patator,mahalanobis_median_robust_mcd,42,2971.945317908826
SSH_Patator,mahalanobis_mean,42,1.3876928226208884
SSH_Patator,mahalanobis_median,42,1.3749420520534783
SSH_Patator,mahalanobis_p5,42,1.3542988031060907
SSH_Patator,mahalanobis_p25,42,1.3693138585376765
SSH_Patator,mahalanobis_p75,42,1.3825210240711607
SSH_Patator,mahalanobis_p95,42,1.4084386200072576
SSH_Patator,mahalanobis_iqr,42,0.013207165533484222
SSH_Patator,mahalanobis_mean_robust_mcd,42,2952.9795179064718
SSH_Patator,mahalanobis_median_robust_mcd,42,2952.478911654378
DoS_Slowhttptest,mahalanobis_mean,42,5.0532514920954075
DoS_Slowhttptest,mahalanobis_median,42,3.5620533166801867
DoS_Slowhttptest,mahalanobis_p5,42,3.110782370812728
DoS_Slowhttptest,mahalanobis_p25,42,3.404499289534919
DoS_Slowhttptest,mahalanobis_p75,42,5.9852719336363265
DoS_Slowhttptest,mahalanobis_p95,42,10.06990483072247
DoS_Slowhttptest,mahalanobis_iqr,42,2.5807726441014074
DoS_Slowhttptest,mahalanobis_mean_robust_mcd,42,3290.7423163462618
DoS_Slowhttptest,mahalanobis_median_robust_mcd,42,3359.497345669967
Bot,mahalanobis_mean,42,2.271889106091252
Bot,mahalanobis_median,42,1.7944186259608244
Bot,mahalanobis_p5,42,1.7829687008679966
Bot,mahalanobis_p25,42,1.791413669462877
Bot,mahalanobis_p75,42,1.7961327603481407
Bot,mahalanobis_p95,42,6.063934033199146
Bot,mahalanobis_iqr,42,0.004719090885263677
Bot,mahalanobis_mean_robust_mcd,42,2885.455736190349
Bot,mahalanobis_median_robust_mcd,42,2870.233725298038
Web_Attack,mahalanobis_mean,42,3.8501619260986306
Web_Attack,mahalanobis_median,42,3.578359953289347
Web_Attack,mahalanobis_p5,42,1.780426063225124
Web_Attack,mahalanobis_p25,42,2.7297229925328343
Web_Attack,mahalanobis_p75,42,5.193529415131596
Web_Attack,mahalanobis_p95,42,5.262976462325631
Web_Attack,mahalanobis_iqr,42,2.4638064225987613
Web_Attack,mahalanobis_mean_robust_mcd,42,3148.035432203761
Web_Attack,mahalanobis_median_robust_mcd,42,3185.2272851043163
Infiltration,mahalanobis_mean,42,35.60645405110123
Infiltration,mahalanobis_median,42,4.350821943862753
Infiltration,mahalanobis_p5,42,2.8269264801271325
Infiltration,mahalanobis_p25,42,3.3988836520898325
Infiltration,mahalanobis_p75,42,27.18352842642513
Infiltration,mahalanobis_p95,42,198.19515479056622
Infiltration,mahalanobis_iqr,42,23.784644774335298
Infiltration,mahalanobis_mean_robust_mcd,42,4009.735331478713
Infiltration,mahalanobis_median_robust_mcd,42,3166.493185088165
DoS_Hulk_attempted,mahalanobis_mean,42,5.119082752848361
DoS_Hulk_attempted,mahalanobis_median,42,5.593748658153598
DoS_Hulk_attempted,mahalanobis_p5,42,2.859609262691551
DoS_Hulk_attempted,mahalanobis_p25,42,2.861290967141205
DoS_Hulk_attempted,mahalanobis_p75,42,6.305199595802232
DoS_Hulk_attempted,mahalanobis_p95,42,6.715552040116079
DoS_Hulk_attempted,mahalanobis_iqr,42,3.4439086286610276
DoS_Hulk_attempted,mahalanobis_mean_robust_mcd,42,3141.008024809096
DoS_Hulk_attempted,mahalanobis_median_robust_mcd,42,3025.629866882164
DoS_GoldenEye_attempted,mahalanobis_mean,42,2.9227623931976074
DoS_GoldenEye_attempted,mahalanobis_median,42,2.8596068609938623
DoS_GoldenEye_attempted,mahalanobis_p5,42,2.859466341532216
DoS_GoldenEye_attempted,mahalanobis_p25,42,2.859552535938002
DoS_GoldenEye_attempted,mahalanobis_p75,42,2.8612337335569986
DoS_GoldenEye_attempted,mahalanobis_p95,42,2.863178840040308
DoS_GoldenEye_attempted,mahalanobis_iqr,42,0.001681197618996766
DoS_GoldenEye_attempted,mahalanobis_mean_robust_mcd,42,2947.4393772982125
DoS_GoldenEye_attempted,mahalanobis_median_robust_mcd,42,2930.1347829861907
DoS_slowloris_attempted,mahalanobis_mean,42,3.641239276843145
DoS_slowloris_attempted,mahalanobis_median,42,3.7052770288727084
DoS_slowloris_attempted,mahalanobis_p5,42,3.705225992972763
DoS_slowloris_attempted,mahalanobis_p25,42,3.70526039905497
DoS_slowloris_attempted,mahalanobis_p75,42,3.705289899845909
DoS_slowloris_attempted,mahalanobis_p95,42,3.7053087681708687
DoS_slowloris_attempted,mahalanobis_iqr,42,2.95007909389966e-05
DoS_slowloris_attempted,mahalanobis_mean_robust_mcd,42,2848.952573876567
DoS_slowloris_attempted,mahalanobis_median_robust_mcd,42,2844.4070705140384
DoS_Slowhttptest_attempted,mahalanobis_mean,42,4.919170379120177
DoS_Slowhttptest_attempted,mahalanobis_median,42,5.352759973940999
DoS_Slowhttptest_attempted,mahalanobis_p5,42,2.5752744311459614
DoS_Slowhttptest_attempted,mahalanobis_p25,42,5.351661760181457
DoS_Slowhttptest_attempted,mahalanobis_p75,42,5.353583975756228
DoS_Slowhttptest_attempted,mahalanobis_p95,42,5.354657773508921
DoS_Slowhttptest_attempted,mahalanobis_iqr,42,0.0019222155747709024
DoS_Slowhttptest_attempted,mahalanobis_mean_robust_mcd,42,3512.830278463777
DoS_Slowhttptest_attempted,mahalanobis_median_robust_mcd,42,3619.191130824609
Bot_attempted,mahalanobis_mean,42,2.8639402674542684
Bot_attempted,mahalanobis_median,42,2.863858133298198
Bot_attempted,mahalanobis_p5,42,2.8610770373237635
Bot_attempted,mahalanobis_p25,42,2.862826797198049
Bot_attempted,mahalanobis_p75,42,2.865124164031601
Bot_attempted,mahalanobis_p95,42,2.8666524129524387
Bot_attempted,mahalanobis_iqr,42,0.0022973668335519726
Bot_attempted,mahalanobis_mean_robust_mcd,42,2900.378523957282
Bot_attempted,mahalanobis_median_robust_mcd,42,2900.738611258528
WebAttack_BruteForce,mahalanobis_mean,42,3.9043438060723537
WebAttack_BruteForce,mahalanobis_median,42,3.5810608711113585
WebAttack_BruteForce,mahalanobis_p5,42,1.7745366253554997
WebAttack_BruteForce,mahalanobis_p25,42,2.7358196603526346
WebAttack_BruteForce,mahalanobis_p75,42,5.205215126024838
WebAttack_BruteForce,mahalanobis_p95,42,5.26325299912984
WebAttack_BruteForce,mahalanobis_iqr,42,2.469395465672203
WebAttack_BruteForce,mahalanobis_mean_robust_mcd,42,3165.4987097451854
WebAttack_BruteForce,mahalanobis_median_robust_mcd,42,3185.620215972354
WebAttack_BruteForce_attempted,mahalanobis_mean,42,2.168569956039584
WebAttack_BruteForce_attempted,mahalanobis_median,42,2.16039442994085
WebAttack_BruteForce_attempted,mahalanobis_p5,42,2.1581823852835234
WebAttack_BruteForce_attempted,mahalanobis_p25,42,2.158616355349149
WebAttack_BruteForce_attempted,mahalanobis_p75,42,2.1626538543057294
WebAttack_BruteForce_attempted,mahalanobis_p95,42,2.164697202912352
WebAttack_BruteForce_attempted,mahalanobis_iqr,42,0.004037498956580343
WebAttack_BruteForce_attempted,mahalanobis_mean_robust_mcd,42,2922.8249202441216
WebAttack_BruteForce_attempted,mahalanobis_median_robust_mcd,42,2923.918992365173
