ci_high,ci_low,group,metric,n_repeats,n_subsample_per_side,seed,value
0.5615530639059331,0.5368379125059317,PortScan,mmd2_rbf,20,1500,42,0.5498717110155186
0.9710939955476793,0.8721860513913804,PortScan,sliced_wasserstein,20,1500,42,0.9246807146092442
3.0346083875226184,2.882290367983007,PortScan,energy_distance,20,1500,42,2.958257586781329
0.5727440618872065,0.5460036920003746,DoS_Hulk,mmd2_rbf,20,1500,42,0.558423317416175
1.0429363582593985,0.9387659530234407,DoS_Hulk,sliced_wasserstein,20,1500,42,0.9912749152256423
3.1039055284631667,2.932909453673633,DoS_Hulk,energy_distance,20,1500,42,3.0158191185521157
0.6834252279390092,0.6622129699613272,DDoS,mmd2_rbf,20,1500,42,0.6726657812019371
1.3003215711564582,1.1602328115639458,DDoS,sliced_wasserstein,20,1500,42,1.2323029070857783
4.0823061128365605,3.917544400084405,DDoS,energy_distance,20,1500,42,3.998080087549236
0.4263155126812631,0.3884281496938376,DoS_GoldenEye,mmd2_rbf,20,1500,42,0.4049774885195097
0.9389451287595396,0.8227264955161679,DoS_GoldenEye,sliced_wasserstein,20,1500,42,0.8841774434229785
2.3738252930692467,2.1530284493275005,DoS_GoldenEye,energy_distance,20,1500,42,2.247100818135382
0.41678945085898256,0.39521583188817844,DoS_slowloris,mmd2_rbf,20,1500,42,0.40609924108043627
1.349823309986192,1.163531047061626,DoS_slowloris,sliced_wasserstein,20,1500,42,1.2353433890515864
3.483223415784667,3.2879788547235953,DoS_slowloris,energy_distance,20,1500,42,3.3966697198182354
0.4872564683591334,0.4673451441097229,FTP_Patator,mmd2_rbf,20,1500,42,0.4781171040882756
0.8751035774134004,0.8084628022584837,FTP_Patator,sliced_wasserstein,20,1500,42,0.8417846090930736
2.566765305290812,2.473504530298949,FTP_Patator,energy_distance,20,1500,42,2.5226479717337282
0.3808101040084019,0.3545040021889669,SSH_Patator,mmd2_rbf,20,1500,42,0.36817443468171596
0.761032187992175,0.7012645793343303,SSH_Patator,sliced_wasserstein,20,1500,42,0.7314259782206295
1.9451611184513828,1.8441574120122513,SSH_Patator,energy_distance,20,1500,42,1.897067827498082
0.39960659083400313,0.37787221069008203,DoS_Slowhttptest,mmd2_rbf,20,1500,42,0.3872051912061113
1.104448347676306,0.9663358157454744,DoS_Slowhttptest,sliced_wasserstein,20,1500,42,1.0291032391993922
2.6800742586516755,2.5452237160509945,DoS_Slowhttptest,energy_distance,20,1500,42,2.6055263040137473
0.34875106794708965,0.3279329624535988,Bot,mmd2_rbf,20,738,42,0.33844079630431123
0.8087569975016227,0.7363568284200169,Bot,sliced_wasserstein,20,738,42,0.7720560929953616
2.0646013077587044,1.9701791542204963,Bot,energy_distance,20,738,42,2.0173334898445856
0.4167209005797519,0.3849337530569326,Web_Attack,mmd2_rbf,20,190,42,0.39813173527681966
0.8702505207300695,0.7992571746033712,Web_Attack,sliced_wasserstein,20,190,42,0.8250393707763678
2.181817385069995,2.0591217208296926,Web_Attack,energy_distance,20,190,42,2.1092607466687405
0.41921443329593,0.38449569049287013,Infiltration,mmd2_rbf,20,32,42,0.3996072685433947
7.832241180637387,6.8711033785107976,Infiltration,sliced_wasserstein,20,32,42,7.330844911264253
7.96674107409277,7.814824922586904,Infiltration,energy_distance,20,32,42,7.88315985002401
0.4873077414096294,0.45915560088396384,DoS_Hulk_attempted,mmd2_rbf,20,579,42,0.47319636199834053
1.1322523273381624,1.031146947624602,DoS_Hulk_attempted,sliced_wasserstein,20,579,42,1.0744879534217113
3.0050325316557984,2.8993157685210216,DoS_Hulk_attempted,energy_distance,20,579,42,2.9516651601750725
0.5224588481352526,0.49067504174910814,DoS_GoldenEye_attempted,mmd2_rbf,20,80,42,0.5063455363599927
0.9569638202569304,0.8743131177067449,DoS_GoldenEye_attempted,sliced_wasserstein,20,80,42,0.9297193174316675
3.2073468655372506,3.0821099191606396,DoS_GoldenEye_attempted,energy_distance,20,80,42,3.145728030322397
0.6642993476337623,0.6408561419566361,DoS_slowloris_attempted,mmd2_rbf,20,1500,42,0.6539032416088151
1.2482920929927437,1.130334414001593,DoS_slowloris_attempted,sliced_wasserstein,20,1500,42,1.1801445683117948
4.443568451118187,4.307270160556817,DoS_slowloris_attempted,energy_distance,20,1500,42,4.388386217310705
0.6370495212051511,0.5881803680397895,DoS_Slowhttptest_attempted,mmd2_rbf,20,1500,42,0.6090113062313909
1.3378291442299104,1.1634008775663416,DoS_Slowhttptest_attempted,sliced_wasserstein,20,1500,42,1.2495850189690247
4.691027369983243,4.403867659731189,DoS_Slowhttptest_attempted,energy_distance,20,1500,42,4.548677488329669
0.6005828357842198,0.5769874703976887,Bot_attempted,mmd2_rbf,20,1470,42,0.5901311724462405
1.0317170524185548,0.9401795583003089,Bot_attempted,sliced_wasserstein,20,1470,42,0.9923279037318817
3.5471566820742897,3.3933614137305503,Bot_attempted,energy_distance,20,1470,42,3.4730186725830747
0.4886805145266456,0.4542603176076148,WebAttack_BruteForce,mmd2_rbf,20,151,42,0.468636062466209
0.9481246186793562,0.8819218410879609,WebAttack_BruteForce,sliced_wasserstein,20,151,42,0.9063770316650668
2.5688277148481995,2.444995303045656,WebAttack_BruteForce,energy_distance,20,151,42,2.4963163434432305
0.5289166772939786,0.5068569778349841,WebAttack_BruteForce_attempted,mmd2_rbf,20,1214,42,0.5184536080130038
0.9420683194404351,0.8476164265212337,WebAttack_BruteForce_attempted,sliced_wasserstein,20,1214,42,0.8932021795898553
2.905773434038016,2.8058075481694593,WebAttack_BruteForce_attempted,energy_distance,20,1214,42,2.85360500627013
